ds,trend,yhat_lower,yhat_upper,trend_lower,trend_upper,additive_terms,additive_terms_lower,additive_terms_upper,yearly,yearly_lower,yearly_upper,multiplicative_terms,multiplicative_terms_lower,multiplicative_terms_upper,yhat,index,portfolio,y,total_labor_hours,wo#
2011-01-01,-62850.21228452265,-99655.06745581812,81573.8769182575,-62850.21228452265,-62850.21228452265,54276.53641237224,54276.53641237224,54276.53641237224,54276.53641237224,54276.53641237224,54276.53641237224,0.0,0.0,0.0,0.0,0.0,Central,27471.86999999999,1850.54,436.0
2011-02-01,-53056.46410158484,-95352.2577946135,73825.01996913388,-53056.46410158484,-53056.46410158484,45621.87067784114,45621.87067784114,45621.87067784114,45621.87067784114,45621.87067784114,45621.87067784114,0.0,0.0,0.0,0.0,5.0,Central,17279.399999999998,1976.2700000000004,349.0
2011-03-01,-44210.497973541824,-31792.239693753912,135534.03688937696,-44210.497973541824,-44210.497973541824,92909.45274264974,92909.45274264974,92909.45274264974,92909.45274264974,92909.45274264974,92909.45274264974,0.0,0.0,0.0,48698.95476910791,10.0,Central,45911.0,1838.3832999999997,406.0
2011-04-01,-34416.74974289584,-67338.97508908907,104358.99429661891,-34416.74974289584,-34416.74974289584,49834.88921445192,49834.88921445192,49834.88921445192,49834.88921445192,49834.88921445192,49834.88921445192,0.0,0.0,0.0,15418.139471556082,15.0,Central,38693.18000000001,1940.0100000000002,369.0
2011-05-01,-24938.92884700508,-126869.16485343,41004.00404316098,-24938.92884700508,-24938.92884700508,-17719.582127373375,-17719.582127373375,-17719.582127373375,-17719.582127373375,-17719.582127373375,-17719.582127373375,0.0,0.0,0.0,0.0,20.0,Central,27174.019999999997,1912.9799999999987,435.0
2011-06-01,-15145.180586749319,-126427.36862401196,40204.5271909263,-15145.180586749319,-15145.180586749319,-29264.877986892763,-29264.877986892763,-29264.877986892763,-29264.877986892763,-29264.877986892763,-29264.877986892763,0.0,0.0,0.0,0.0,25.0,Central,30753.95999999999,1819.49,435.0
2011-07-01,-5667.35966200517,-128080.76030642325,42681.39455774944,-5667.35966200517,-5667.35966200517,-33271.46015950672,-33271.46015950672,-33271.46015950672,-33271.46015950672,-33271.46015950672,-33271.46015950672,0.0,0.0,0.0,0.0,30.0,Central,23733.360000000004,2098.77,476.0
2011-08-01,4126.388632052967,-124433.65468402216,58133.923409016876,4126.388632052967,4126.388632052967,-34144.16767015454,-34144.16767015454,-34144.16767015454,-34144.16767015454,-34144.16767015454,-34144.16767015454,0.0,0.0,0.0,0.0,35.0,Central,36512.24999999998,1484.5233,380.0
2011-09-01,13920.136926111114,-98686.25135109284,78691.8620016745,13920.136926111114,13920.136926111114,-22526.851424853663,-22526.851424853663,-22526.851424853663,-22526.851424853663,-22526.851424853663,-22526.851424853663,0.0,0.0,0.0,0.0,40.0,Central,32403.230000000003,1365.05,380.0
2011-10-01,23397.95788398964,-80647.41434560213,100147.33162596,23397.95788398964,23397.95788398964,-10791.84461293582,-10791.84461293582,-10791.84461293582,-10791.84461293582,-10791.84461293582,-10791.84461293582,0.0,0.0,0.0,12606.113271053819,45.0,Central,31021.069999999996,1816.14,324.0
2011-11-01,33191.70623685988,-48935.83195416262,128487.14365953302,33191.70623685988,33191.70623685988,3484.1245765093117,3484.1245765093117,3484.1245765093117,3484.1245765093117,3484.1245765093117,3484.1245765093117,0.0,0.0,0.0,36675.83081336919,50.0,Central,30925.090000000004,2263.32,372.0
2011-12-01,42669.527258283044,57481.82207097521,231654.9473527888,42669.527258283044,42669.527258283044,100121.89677535203,100121.89677535203,100121.89677535203,100121.89677535203,100121.89677535203,100121.89677535203,0.0,0.0,0.0,142791.42403363506,55.0,Central,22943.390000000003,1294.4800000000002,252.0
2012-01-01,52463.27566007741,9293.235057658361,181639.86416097273,52463.27566007741,52463.27566007741,44395.32953408279,44395.32953408279,44395.32953408279,44395.32953408279,44395.32953408279,44395.32953408279,0.0,0.0,0.0,96858.60519416019,60.0,Central,43278.92999999999,1769.2399999999996,371.0
2012-02-01,62257.02429628227,-3452.4957529622666,173846.35108953094,62257.02429628227,62257.02429628227,22072.191155649864,22072.191155649864,22072.191155649864,22072.191155649864,22072.191155649864,22072.191155649864,0.0,0.0,0.0,84329.21545193213,65.0,Central,48721.260000000024,1610.4333,360.0
2012-03-01,71419.55860772393,-28376.455308398614,144988.73475963817,71419.55860772393,71419.55860772393,-7696.435664480875,-7696.435664480875,-7696.435664480875,-7696.435664480875,-7696.435664480875,-7696.435664480875,0.0,0.0,0.0,63723.122943243055,70.0,Central,34765.780000000006,1811.62,356.0
2012-04-01,81215.11503360733,21534.436223977955,188750.81090017798,81215.11503360733,81215.11503360733,25648.5090816917,25648.5090816917,25648.5090816917,25648.5090816917,25648.5090816917,25648.5090816917,0.0,0.0,0.0,106863.62411529903,75.0,Central,38256.25999999998,1596.0800000000002,328.0
2012-05-01,90695.7551453159,-13515.01361932949,167422.60969266563,90695.7551453159,90695.7551453159,-16358.022334596106,-16358.022334596106,-16358.022334596106,-16358.022334596106,-16358.022334596106,-16358.022334596106,0.0,0.0,0.0,74337.73281071978,80.0,Central,27931.510000000006,1890.3100000000002,361.0
2012-06-01,100492.60711521092,23385.53721911405,201687.67311010673,100492.60711521092,100492.60711521092,6901.220517532674,6901.220517532674,6901.220517532674,6901.220517532674,6901.220517532674,6901.220517532674,0.0,0.0,0.0,107393.8276327436,85.0,Central,33699.79999999999,1515.2500000000002,321.0
2012-07-01,109973.60096332394,34169.97927119256,215047.84779510647,109973.60096332394,109973.60096332394,12228.548241645014,12228.548241645014,12228.548241645014,12228.548241645014,12228.548241645014,12228.548241645014,0.0,0.0,0.0,122202.14920496896,90.0,Central,26630.75000000001,1279.15,300.0
2012-08-01,119770.96591439485,961.4898840862675,169531.572869164,119770.96591439485,119770.96591439485,-34958.78413422256,-34958.78413422256,-34958.78413422256,-34958.78413422256,-34958.78413422256,-34958.78413422256,0.0,0.0,0.0,84812.1817801723,95.0,Central,44565.81000000003,18224.569999999978,3175.0
2012-09-01,129568.34626823156,-20024.4796259886,156553.0361539836,129568.34626823156,129568.34626823156,-61463.87547138603,-61463.87547138603,-61463.87547138603,-61463.87547138603,-61463.87547138603,-61463.87547138603,0.0,0.0,0.0,68104.47079684553,100.0,Central,39767.430000000015,12744.140000000016,2578.0
2012-10-01,139049.68209452517,33487.044217495495,210009.6856750291,139049.68209452517,139049.68209452517,-21080.078112915016,-21080.078112915016,-21080.078112915016,-21080.078112915016,-21080.078112915016,-21080.078112915016,0.0,0.0,0.0,117969.60398161015,105.0,Central,124421.52000000002,22045.88000000005,2653.0
2012-11-01,148849.95433630364,13251.574853208624,190590.36750954014,148849.95433630364,148849.95433630364,-48247.161804569674,-48247.161804569674,-48247.161804569674,-48247.161804569674,-48247.161804569674,-48247.161804569674,0.0,0.0,0.0,100602.79253173395,110.0,Central,136531.87,28508.870000000043,2500.0
2012-12-01,158334.12549517857,224832.2678877368,397945.89637396374,158334.12549517857,158334.12549517857,149418.0566884117,149418.0566884117,149418.0566884117,149418.0566884117,149418.0566884117,149418.0566884117,0.0,0.0,0.0,307752.18218359025,115.0,Central,158015.56000000006,24492.849999999984,2488.0
2013-01-01,168134.67900654965,158313.7959140724,328818.70385010797,168134.67900654965,168134.67900654965,73915.77645526326,73915.77645526326,73915.77645526326,73915.77645526326,73915.77645526326,73915.77645526326,0.0,0.0,0.0,242050.4554618129,120.0,Central,259461.8800000001,28591.120000000024,2814.0
2013-02-01,177935.23252832246,181221.7284472848,357624.11918491265,177935.23252832246,177935.23252832246,94621.55317734682,94621.55317734682,94621.55317734682,94621.55317734682,94621.55317734682,94621.55317734682,0.0,0.0,0.0,272556.7857056693,125.0,Central,282988.27,17357.520000000004,2240.0
2013-03-01,186787.3453814776,124392.87537291358,301508.2646923067,186787.3453814776,186787.3453814776,25446.689570198345,25446.689570198345,25446.689570198345,25446.689570198345,25446.689570198345,25446.689570198345,0.0,0.0,0.0,212234.03495167592,130.0,Central,243185.7499999999,14897.13,2446.0
2013-04-01,196587.89898569856,147192.32565354693,316670.07419585966,196587.89898569856,196587.89898569856,34175.257975330125,34175.257975330125,34175.257975330125,34175.257975330125,34175.257975330125,34175.257975330125,0.0,0.0,0.0,230763.1569610287,135.0,Central,275273.23,11502.829999999994,2157.0
2013-05-01,206072.3057302354,100537.68458494435,275519.55490317877,206072.3057302354,206072.3057302354,-16309.203687566074,-16309.203687566074,-16309.203687566074,-16309.203687566074,-16309.203687566074,-16309.203687566074,0.0,0.0,0.0,189763.10204266934,140.0,Central,165953.22,16008.100000000024,3035.0
2013-06-01,215872.85936625683,129350.7375518084,303381.0195937165,215872.85936625683,215872.85936625683,-4842.992830614996,-4842.992830614996,-4842.992830614996,-4842.992830614996,-4842.992830614996,-4842.992830614996,0.0,0.0,0.0,211029.86653564184,145.0,Central,209215.7600000001,13229.49999999996,2839.0
2013-07-01,225357.26611079366,129733.85585682475,306658.7696200176,225357.26611079366,225357.26611079366,-3200.3783496744063,-3200.3783496744063,-3200.3783496744063,-3200.3783496744063,-3200.3783496744063,-3200.3783496744063,0.0,0.0,0.0,222156.88776111926,150.0,Central,255344.31999999992,60810.87999999933,4431.0
2013-08-01,235157.81974681508,113350.32813453383,286127.8354859781,235157.81974681508,235157.81974681508,-35240.655524945716,-35240.655524945716,-35240.655524945716,-35240.655524945716,-35240.655524945716,-35240.655524945716,0.0,0.0,0.0,199917.16422186937,155.0,Central,174037.83999999985,40637.920000000115,3269.0
2013-09-01,244958.37338283652,103626.80020045265,278021.81444528175,244958.37338283652,244958.37338283652,-48734.955719086516,-48734.955719086516,-48734.955719086516,-48734.955719086516,-48734.955719086516,-48734.955719086516,0.0,0.0,0.0,196223.41766375,160.0,Central,184036.51000000013,31280.56000000008,3064.0
2013-10-01,254442.7801273734,150763.99570844893,327009.20626603434,254442.7801273734,254442.7801273734,-17623.321783255586,-17623.321783255586,-17623.321783255586,-17623.321783255586,-17623.321783255586,-17623.321783255586,0.0,0.0,0.0,236819.45834411783,165.0,Central,212580.44999999995,22295.289999999964,2989.0
2013-11-01,264243.3337633948,138682.35504352883,319556.8071661271,264243.3337633948,264243.3337633948,-30608.741628048476,-30608.741628048476,-30608.741628048476,-30608.741628048476,-30608.741628048476,-30608.741628048476,0.0,0.0,0.0,233634.59213534632,170.0,Central,203974.60000000003,20888.549999999956,2901.0
2013-12-01,273727.7405079316,317650.029336954,492619.5584478631,273727.7405079316,273727.7405079316,133527.86160964664,133527.86160964664,133527.86160964664,133527.86160964664,133527.86160964664,133527.86160964664,0.0,0.0,0.0,407255.60211757827,175.0,Central,676807.3100000004,26880.629999999954,2713.0
2014-01-01,283528.29414395307,260851.29552290984,436834.76344822504,283528.1422157927,283528.432177411,64124.76913436107,64124.76913436107,64124.76913436107,64124.76913436107,64124.76913436107,64124.76913436107,0.0,0.0,0.0,347653.06327831413,,,,,
2014-02-01,293328.8477799745,275153.1949322266,450603.70758684294,293328.30220756814,293329.3428502724,69813.7768251592,69813.7768251592,69813.7768251592,69813.7768251592,69813.7768251592,69813.7768251592,0.0,0.0,0.0,363142.6246051337,,,,,
2014-03-01,302180.9607415423,271800.590876073,454021.7759434543,302179.9914176149,302181.9015228188,58995.0862518994,58995.0862518994,58995.0862518994,58995.0862518994,58995.0862518994,58995.0862518994,0.0,0.0,0.0,361176.0469934417,,,,,
2014-04-01,311981.5143775636,262595.2348650456,440835.07859058207,311979.98257381894,311983.06562633795,42244.067246307364,42244.067246307364,42244.067246307364,42244.067246307364,42244.067246307364,42244.067246307364,0.0,0.0,0.0,354225.581623871,,,,,
2014-05-01,321465.92112210044,215366.91653726276,391171.1613944126,321463.6776212335,321468.23106124,-16763.808291266,-16763.808291266,-16763.808291266,-16763.808291266,-16763.808291266,-16763.808291266,0.0,0.0,0.0,304702.11283083446,,,,,
2014-06-01,331266.4747581219,219935.54814744502,406498.6106754541,331263.4133490614,331269.4127310915,-16904.87770993004,-16904.87770993004,-16904.87770993004,-16904.87770993004,-16904.87770993004,-16904.87770993004,0.0,0.0,0.0,314361.5970481918,,,,,
2014-07-01,340750.88150265877,235026.4588263324,406991.829617594,340746.9129112495,340754.6267174564,-18374.501016034566,-18374.501016034566,-18374.501016034566,-18374.501016034566,-18374.501016034566,-18374.501016034566,0.0,0.0,0.0,322376.3804866242,,,,,
2014-08-01,350551.43513868016,223499.61705808746,400301.0989970745,350546.6476962623,350556.0378255967,-34969.449588719086,-34969.449588719086,-34969.449588719086,-34969.449588719086,-34969.449588719086,-34969.449588719086,0.0,0.0,0.0,315581.9855499611,,,,,
2014-09-01,360351.9887747016,230667.74122266792,416322.15276517376,360346.16290953977,360357.7544597874,-35750.18033433694,-35750.18033433694,-35750.18033433694,-35750.18033433694,-35750.18033433694,-35750.18033433694,0.0,0.0,0.0,324601.80844036466,,,,,
2014-10-01,369836.39551923843,266637.4259722129,442205.2016309488,369829.4667978932,369843.18927817227,-14189.245518634672,-14189.245518634672,-14189.245518634672,-14189.245518634672,-14189.245518634672,-14189.245518634672,0.0,0.0,0.0,355647.15000060375,,,,,
2014-11-01,379636.9491552599,275000.1769341037,456557.56214401114,379629.0453148832,379644.64308477705,-13358.651690529108,-13358.651690529108,-13358.651690529108,-13358.651690529108,-13358.651690529108,-13358.651690529108,0.0,0.0,0.0,366278.29746473074,,,,,
2014-12-01,389121.3558997967,415521.13926526764,594115.3216802324,389112.22525010764,389130.0930410145,117089.46348217476,117089.46348217476,117089.46348217476,117089.46348217476,117089.46348217476,117089.46348217476,0.0,0.0,0.0,506210.8193819715,,,,,
2011-01-01,-145812.09768817053,-184189.0083626163,135413.26750396285,-145812.09768817053,-145812.09768817053,130150.5582139413,130150.5582139413,130150.5582139413,130150.5582139413,130150.5582139413,130150.5582139413,0.0,0.0,0.0,0.0,1.0,Giant Food,0.0,639.5299999999999,29.0
2011-02-01,-128314.78665523048,-208335.0384672792,118832.2149625186,-128314.78665523048,-128314.78665523048,85991.64970681038,85991.64970681038,85991.64970681038,85991.64970681038,85991.64970681038,85991.64970681038,0.0,0.0,0.0,0.0,6.0,Giant Food,0.0,851.7400000000001,45.0
2011-03-01,-112510.76378021667,-71766.59484178893,242420.86902281514,-112510.76378021667,-112510.76378021667,193627.24593754497,193627.24593754497,193627.24593754497,193627.24593754497,193627.24593754497,193627.24593754497,0.0,0.0,0.0,81116.4821573283,11.0,Giant Food,0.0,636.74,31.0
2011-04-01,-95013.45272877242,-186906.6623899804,131808.9290792825,-95013.45272877242,-95013.45272877242,63271.84502416446,63271.84502416446,63271.84502416446,63271.84502416446,63271.84502416446,63271.84502416446,0.0,0.0,0.0,0.0,16.0,Giant Food,0.0,717.9499999999999,44.0
2011-05-01,-78080.57105886712,-281815.2263208631,38631.12848980374,-78080.57105886712,-78080.57105886712,-41606.88657988438,-41606.88657988438,-41606.88657988438,-41606.88657988438,-41606.88657988438,-41606.88657988438,0.0,0.0,0.0,0.0,21.0,Giant Food,0.0,835.9700000000001,56.0
2011-06-01,-60583.25999981483,-322804.5646878749,-3012.981780285737,-60583.25999981483,-60583.25999981483,-97709.28738797616,-97709.28738797616,-97709.28738797616,-97709.28738797616,-97709.28738797616,-97709.28738797616,0.0,0.0,0.0,0.0,26.0,Giant Food,0.0,631.9599999999999,47.0
2011-07-01,-43650.37832463843,-285902.5611255815,47364.117398650546,-43650.37832463843,-43650.37832463843,-77766.4875292447,-77766.4875292447,-77766.4875292447,-77766.4875292447,-77766.4875292447,-77766.4875292447,0.0,0.0,0.0,0.0,31.0,Giant Food,0.0,595.0000000000002,58.0
2011-08-01,-26153.067271307296,-188141.3684627455,111408.1957704765,-26153.067271307296,-26153.067271307296,-12506.451285046847,-12506.451285046847,-12506.451285046847,-12506.451285046847,-12506.451285046847,-12506.451285046847,0.0,0.0,0.0,0.0,36.0,Giant Food,0.0,342.9100000000001,35.0
2011-09-01,-8655.756217976177,-157338.06880720356,166804.53277040354,-8655.756217976177,-8655.756217976177,5567.2942270331905,5567.2942270331905,5567.2942270331905,5567.2942270331905,5567.2942270331905,5567.2942270331905,0.0,0.0,0.0,0.0,41.0,Giant Food,0.0,483.88,28.0
2011-10-01,8277.12545139147,-104156.7575514874,204289.66312171004,8277.12545139147,8277.12545139147,47130.396456031456,47130.396456031456,47130.396456031456,47130.396456031456,47130.396456031456,47130.396456031456,0.0,0.0,0.0,55407.521907422924,46.0,Giant Food,0.0,988.0799999999999,33.0
2011-11-01,25774.436524443787,-124629.80244803017,209244.50753081124,25774.436524443787,25774.436524443787,14639.406155727173,14639.406155727173,14639.406155727173,14639.406155727173,14639.406155727173,14639.406155727173,0.0,0.0,0.0,40413.84268017096,51.0,Giant Food,0.0,850.5600000000002,24.0
2011-12-01,42707.318216493346,-67898.38325057179,258593.18903534985,42707.318216493346,42707.318216493346,41434.950071920546,41434.950071920546,41434.950071920546,41434.950071920546,41434.950071920546,41434.950071920546,0.0,0.0,0.0,84142.26828841389,56.0,Giant Food,0.0,745.1600000000002,22.0
2012-01-01,60204.62928769522,-19749.888292761912,320494.9551434668,60204.62928769522,60204.62928769522,93158.3001965878,93158.3001965878,93158.3001965878,93158.3001965878,93158.3001965878,93158.3001965878,0.0,0.0,0.0,153362.92948428303,61.0,Giant Food,0.0,1373.02,46.0
2012-02-01,77701.94036156073,-21570.087697989133,296879.98144860304,77701.94036156073,77701.94036156073,58249.48961594208,58249.48961594208,58249.48961594208,58249.48961594208,58249.48961594208,58249.48961594208,0.0,0.0,0.0,135951.42997750282,66.0,Giant Food,0.0,631.25,23.0
2012-03-01,94070.39264570094,-85594.72945776556,235400.6618788014,94070.39264570094,94070.39264570094,-6883.505144050081,-6883.505144050081,-6883.505144050081,-6883.505144050081,-6883.505144050081,-6883.505144050081,0.0,0.0,0.0,87186.88750165085,71.0,Giant Food,0.0,754.2800000000001,31.0
2012-04-01,111567.70370508898,-40420.13243925031,291813.4301527695,111567.70370508898,111567.70370508898,17615.684527169236,17615.684527169236,17615.684527169236,17615.684527169236,17615.684527169236,17615.684527169236,0.0,0.0,0.0,129183.3882322582,76.0,Giant Food,0.0,464.66000000000014,22.0
2012-05-01,128500.58537522443,-26759.60271258945,301379.73719477403,128500.58537522443,128500.58537522443,4440.739787447889,4440.739787447889,4440.739787447889,4440.739787447889,4440.739787447889,4440.739787447889,0.0,0.0,0.0,132941.32516267232,81.0,Giant Food,0.0,699.2299999999999,38.0
2012-06-01,145997.89644733391,-30894.60261585947,296211.3640251432,145997.89644733391,145997.89644733391,-16284.624446059446,-16284.624446059446,-16284.624446059446,-16284.624446059446,-16284.624446059446,-16284.624446059446,0.0,0.0,0.0,129713.27200127447,86.0,Giant Food,0.0,517.4199999999998,34.0
2012-07-01,162930.77812281603,-9398.644727183615,317445.32229518105,162930.77812281603,162930.77812281603,-4804.886878152535,-4804.886878152535,-4804.886878152535,-4804.886878152535,-4804.886878152535,-4804.886878152535,0.0,0.0,0.0,158125.8912446635,91.0,Giant Food,0.0,517.1899999999999,42.0
2012-08-01,180428.08918226254,32129.822610923755,345187.2976877096,180428.08918226254,180428.08918226254,-6773.16512073345,-6773.16512073345,-6773.16512073345,-6773.16512073345,-6773.16512073345,-6773.16512073345,0.0,0.0,0.0,173654.9240615291,96.0,Giant Food,0.0,17712.30000000001,3095.0
2012-09-01,197925.4002457281,-107256.83082692478,214477.98330353337,197925.4002457281,197925.4002457281,-145986.41117529687,-145986.41117529687,-145986.41117529687,-145986.41117529687,-145986.41117529687,-145986.41117529687,0.0,0.0,0.0,51938.98907043121,101.0,Giant Food,0.0,14459.879999999981,2993.0
2012-10-01,214858.28192004963,75981.91977411562,402470.8809713526,214858.28192004963,214858.28192004963,22048.97736718824,22048.97736718824,22048.97736718824,22048.97736718824,22048.97736718824,22048.97736718824,0.0,0.0,0.0,236907.25928723786,106.0,Giant Food,288927.8400000004,24471.550000000097,2856.0
2012-11-01,232355.59297383067,117329.08381821345,452900.80066679156,232355.59297383067,232355.59297383067,51771.77621925471,51771.77621925471,51771.77621925471,51771.77621925471,51771.77621925471,51771.77621925471,0.0,0.0,0.0,284127.36919308535,111.0,Giant Food,558500.2099999996,26885.320000000003,2351.0
2012-12-01,249288.47464741545,133175.4732126793,443345.8482074287,249288.47464741545,249288.47464741545,44930.56520949582,44930.56520949582,44930.56520949582,44930.56520949582,44930.56520949582,44930.56520949582,0.0,0.0,0.0,294219.0398569113,116.0,Giant Food,580183.1799999996,26135.410000000044,2431.0
2013-01-01,266785.7857142182,308356.9379388062,636315.0448306137,266785.7857142182,266785.7857142182,204000.1490215379,204000.1490215379,204000.1490215379,204000.1490215379,204000.1490215379,204000.1490215379,0.0,0.0,0.0,470785.93473575613,121.0,Giant Food,607907.2899999998,28420.859999999997,2617.0
2013-02-01,284283.09677199734,264601.4468592932,589264.6969642238,284283.09677199734,284283.09677199734,145907.8975695707,145907.8975695707,145907.8975695707,145907.8975695707,145907.8975695707,145907.8975695707,0.0,0.0,0.0,430190.99434156803,126.0,Giant Food,522769.6400000002,19671.49,2540.0
2013-03-01,300087.1196581433,187512.41158385447,516072.46664685593,300087.1196581433,300087.1196581433,59518.86343528132,59518.86343528132,59518.86343528132,59518.86343528132,59518.86343528132,59518.86343528132,0.0,0.0,0.0,359605.98309342464,131.0,Giant Food,525344.0200000001,14247.450000000032,2490.0
2013-04-01,317584.43069902883,180064.25486552526,529835.6923862196,317584.43069902883,317584.43069902883,34060.271414763774,34060.271414763774,34060.271414763774,34060.271414763774,34060.271414763774,34060.271414763774,0.0,0.0,0.0,351644.7021137926,136.0,Giant Food,447061.5800000002,12866.670000000006,2506.0
2013-05-01,334517.3123527416,168806.70443841183,489717.79680620594,334517.3123527416,334517.3123527416,-9883.048351144807,-9883.048351144807,-9883.048351144807,-9883.048351144807,-9883.048351144807,-9883.048351144807,0.0,0.0,0.0,324634.2640015968,141.0,Giant Food,337035.61999999994,13265.169999999971,3187.0
2013-06-01,352014.62339491164,150859.63222369293,457896.8802162267,352014.62339491164,352014.62339491164,-43150.63250495165,-43150.63250495165,-43150.63250495165,-43150.63250495165,-43150.63250495165,-43150.63250495165,0.0,0.0,0.0,308863.99088995997,146.0,Giant Food,279923.7,16341.679999999813,3647.0
2013-07-01,368947.5050486244,181653.6167584202,497473.74910574453,368947.5050486244,368947.5050486244,-29861.314526646718,-29861.314526646718,-29861.314526646718,-29861.314526646718,-29861.314526646718,-29861.314526646718,0.0,0.0,0.0,339086.1905219777,151.0,Giant Food,376955.2599999997,17024.19999999992,3696.0
2013-08-01,386444.8160907943,206724.5885151755,548803.9988103235,386444.8160907943,386444.8160907943,-10026.066552571538,-10026.066552571538,-10026.066552571538,-10026.066552571538,-10026.066552571538,-10026.066552571538,0.0,0.0,0.0,376418.74953822274,156.0,Giant Food,512864.16000000015,36441.30000000007,3560.0
2013-09-01,403942.1271329642,143684.75937597157,461492.60164969636,403942.1271329642,403942.1271329642,-95859.67243274298,-95859.67243274298,-95859.67243274298,-95859.67243274298,-95859.67243274298,-95859.67243274298,0.0,0.0,0.0,308082.4547002212,161.0,Giant Food,358773.07999999984,25367.089999999964,3142.0
2013-10-01,420875.0087866771,289444.5503329642,614314.3862899918,420875.0087866771,420875.0087866771,31394.289979182868,31394.289979182868,31394.289979182868,31394.289979182868,31394.289979182868,31394.289979182868,0.0,0.0,0.0,452269.29876586,166.0,Giant Food,457299.20000000024,18656.316699999934,3296.0
2013-11-01,438372.31982884713,302572.80166187725,635524.5646536758,438372.31982884713,438372.31982884713,40033.604092073525,40033.604092073525,40033.604092073525,40033.604092073525,40033.604092073525,40033.604092073525,0.0,0.0,0.0,478405.92392092064,171.0,Giant Food,245984.59000000014,13895.689999999939,3013.0
2013-12-01,455305.2014825599,329886.9672677622,654298.8559544776,455305.2014825599,455305.2014825599,44261.53191371219,44261.53191371219,44261.53191371219,44261.53191371219,44261.53191371219,44261.53191371219,0.0,0.0,0.0,499566.7333962721,176.0,Giant Food,297842.5699999998,25070.070000000003,2886.0
2014-01-01,472802.51252472994,465613.1295669525,797830.8736888849,472802.5124267324,472802.5126135259,167115.6719137701,167115.6719137701,167115.6719137701,167115.6719137701,167115.6719137701,167115.6719137701,0.0,0.0,0.0,639918.1844385001,,,,,
2014-02-01,490299.8235668998,447156.57169171784,774494.696379626,490299.82320713834,490299.8239223566,115221.99028380297,115221.99028380297,115221.99028380297,115221.99028380297,115221.99028380297,115221.99028380297,0.0,0.0,0.0,605521.8138507027,,,,,
2014-03-01,506103.8464436985,469804.4428725515,797315.4770908263,506103.8457560977,506103.8471311647,126383.1840057615,126383.1840057615,126383.1840057615,126383.1840057615,126383.1840057615,126383.1840057615,0.0,0.0,0.0,632487.03044946,,,,,
2014-04-01,523601.1574858684,407207.08890937915,745914.7006331792,523601.15634858835,523601.1585855975,49290.67090073099,49290.67090073099,49290.67090073099,49290.67090073099,49290.67090073099,49290.67090073099,0.0,0.0,0.0,572891.8283865993,,,,,
2014-05-01,540534.0391395811,353151.64619947586,680025.729661794,540534.0375407251,540534.0407173436,-25240.18902155456,-25240.18902155456,-25240.18902155456,-25240.18902155456,-25240.18902155456,-25240.18902155456,0.0,0.0,0.0,515293.8501180266,,,,,
2014-06-01,558031.3501817512,324220.3133944608,658535.2491418455,558031.3481069125,558031.352332363,-70307.65400234335,-70307.65400234335,-70307.65400234335,-70307.65400234335,-70307.65400234335,-70307.65400234335,0.0,0.0,0.0,487723.6961794078,,,,,
2014-07-01,574964.231835464,364361.0881128492,682692.4874512615,574964.2291711809,574964.234444663,-54194.313341385896,-54194.313341385896,-54194.313341385896,-54194.313341385896,-54194.313341385896,-54194.313341385896,0.0,0.0,0.0,520769.9184940781,,,,,
2014-08-01,592461.5428776338,413914.2492421456,745964.8478985286,592461.5396344822,592461.5460281115,-11935.359933784446,-11935.359933784446,-11935.359933784446,-11935.359933784446,-11935.359933784446,-11935.359933784446,0.0,0.0,0.0,580526.1829438494,,,,,
2014-09-01,609958.8539198037,391678.68440295843,716516.5395808413,609958.8500203809,609958.857743321,-45320.45376448795,-45320.45376448795,-45320.45376448795,-45320.45376448795,-45320.45376448795,-45320.45376448795,0.0,0.0,0.0,564638.4001553158,,,,,
2014-10-01,626891.7355735167,504853.35998292814,837901.681802942,626891.7311051316,626891.7399891627,39762.40617966017,39762.40617966017,39762.40617966017,39762.40617966017,39762.40617966017,39762.40617966017,0.0,0.0,0.0,666654.1417531768,,,,,
2014-11-01,644389.0466156866,507952.3114301735,824460.2920379015,644389.0413166686,644389.0517783854,27652.359942717398,27652.359942717398,27652.359942717398,27652.359942717398,27652.359942717398,27652.359942717398,0.0,0.0,0.0,672041.406558404,,,,,
2014-12-01,661321.9282693994,542974.6288791049,862890.2594289301,661321.9223527292,661321.934085985,43090.12543880156,43090.12543880156,43090.12543880156,43090.12543880156,43090.12543880156,43090.12543880156,0.0,0.0,0.0,704412.053708201,,,,,
2011-01-01,-96691.43375637123,-93549.22168793528,41574.9602969258,-96691.43375637123,-96691.43375637123,73480.39198775918,73480.39198775918,73480.39198775918,73480.39198775918,73480.39198775918,73480.39198775918,0.0,0.0,0.0,0.0,2.0,Giant Martins,0.0,0.38,1.0
2011-02-01,-85384.50960766742,-138605.8277884891,-1110.9765616613222,-85384.50960766742,-85384.50960766742,16821.96886928643,16821.96886928643,16821.96886928643,16821.96886928643,16821.96886928643,16821.96886928643,0.0,0.0,0.0,0.0,7.0,Giant Martins,0.0,84.55,11.0
2011-03-01,-75171.80393509069,-53189.5271053463,82082.7183744436,-75171.80393509069,-75171.80393509069,86289.74078376914,86289.74078376914,86289.74078376914,86289.74078376914,86289.74078376914,86289.74078376914,0.0,0.0,0.0,11117.936848678451,12.0,Giant Martins,0.0,56.46000000000001,17.0
2011-04-01,-63864.879787401216,-109773.43914511988,29729.21992750133,-63864.879787401216,-63864.879787401216,26559.63021941035,26559.63021941035,26559.63021941035,26559.63021941035,26559.63021941035,26559.63021941035,0.0,0.0,0.0,0.0,17.0,Giant Martins,0.0,220.89999999999998,55.0
2011-05-01,-52922.69512353936,-140119.83223538296,4629.950856219759,-52922.69512353936,-52922.69512353936,-13583.27477466875,-13583.27477466875,-13583.27477466875,-13583.27477466875,-13583.27477466875,-13583.27477466875,0.0,0.0,0.0,0.0,22.0,Giant Martins,0.0,238.55000000000007,48.0
2011-06-01,-41615.77095318591,-154501.41144264807,-7557.081264511396,-41615.77095318591,-41615.77095318591,-40562.339604944566,-40562.339604944566,-40562.339604944566,-40562.339604944566,-40562.339604944566,-40562.339604944566,0.0,0.0,0.0,0.0,27.0,Giant Martins,0.0,143.41000000000003,37.0
2011-07-01,-30673.586257205017,-125360.11635214907,15797.426330977923,-30673.586257205017,-30673.586257205017,-22315.842717313593,-22315.842717313593,-22315.842717313593,-22315.842717313593,-22315.842717313593,-22315.842717313593,0.0,0.0,0.0,0.0,32.0,Giant Martins,0.0,1131.1299999999997,112.0
2011-08-01,-19366.662060451043,-117835.02732884519,25927.1876229092,-19366.662060451043,-19366.662060451043,-25944.15124258165,-25944.15124258165,-25944.15124258165,-25944.15124258165,-25944.15124258165,-25944.15124258165,0.0,0.0,0.0,0.0,37.0,Giant Martins,0.0,174.92999999999998,38.0
2011-09-01,-8059.73786369707,-89015.41769301482,54808.15799851126,-8059.73786369707,-8059.73786369707,-7335.381903686842,-7335.381903686842,-7335.381903686842,-7335.381903686842,-7335.381903686842,-7335.381903686842,0.0,0.0,0.0,0.0,42.0,Giant Martins,0.0,196.74000000000004,46.0
2011-10-01,2882.4468349452723,-63174.01122470219,79147.97640778929,2882.4468349452723,2882.4468349452723,5964.632579961575,5964.632579961575,5964.632579961575,5964.632579961575,5964.632579961575,5964.632579961575,0.0,0.0,0.0,8847.079414906848,47.0,Giant Martins,0.0,405.53,42.0
2011-11-01,14189.3710285365,-51936.25472040863,83905.1619587701,14189.3710285365,14189.3710285365,3962.1292953603247,3962.1292953603247,3962.1292953603247,3962.1292953603247,3962.1292953603247,3962.1292953603247,0.0,0.0,0.0,18151.500323896824,52.0,Giant Martins,0.0,377.04,40.0
2011-12-01,25131.55584854299,-106.0272127997293,136214.80086311602,25131.55584854299,25131.55584854299,43282.01463624965,43282.01463624965,43282.01463624965,43282.01463624965,43282.01463624965,43282.01463624965,0.0,0.0,0.0,68413.57048479264,57.0,Giant Martins,0.0,215.4,25.0
2012-01-01,36438.4801834791,-16087.056315788046,130116.42046124874,36438.4801834791,36438.4801834791,22796.347926248458,22796.347926248458,22796.347926248458,22796.347926248458,22796.347926248458,22796.347926248458,0.0,0.0,0.0,59234.82810972756,62.0,Giant Martins,0.0,480.1899999999998,36.0
2012-02-01,47745.404525874736,-1442.4916754668336,136318.57131951328,47745.404525874736,47745.404525874736,21398.258711422208,21398.258711422208,21398.258711422208,21398.258711422208,21398.258711422208,21398.258711422208,0.0,0.0,0.0,69143.66323729695,67.0,Giant Martins,0.0,673.4500000000002,46.0
2012-03-01,58322.850214231614,-8550.284410254872,131957.46549417416,58322.850214231614,58322.850214231614,4622.405313492754,4622.405313492754,4622.405313492754,4622.405313492754,4622.405313492754,4622.405313492754,0.0,0.0,0.0,62945.25552772437,72.0,Giant Martins,0.0,488.21,51.0
2012-04-01,69629.78162761408,5660.525599496301,151624.40122106642,69629.78162761408,69629.78162761408,5825.810051395555,5825.810051395555,5825.810051395555,5825.810051395555,5825.810051395555,5825.810051395555,0.0,0.0,0.0,75455.59167900964,77.0,Giant Martins,0.0,236.00999999999996,36.0
2012-05-01,80572.27163972189,22474.33205632885,162754.63392097325,80572.27163972189,80572.27163972189,10224.75952623511,10224.75952623511,10224.75952623511,10224.75952623511,10224.75952623511,10224.75952623511,0.0,0.0,0.0,90797.031165957,82.0,Giant Martins,0.0,231.61,19.0
2012-06-01,91879.52230541424,13696.444097325731,158677.67787832083,91879.52230541424,91879.52230541424,-5078.399238506163,-5078.399238506163,-5078.399238506163,-5078.399238506163,-5078.399238506163,-5078.399238506163,0.0,0.0,0.0,86801.12306690808,87.0,Giant Martins,0.0,642.1099999999999,49.0
2012-07-01,102822.23275156625,48491.416197117054,188662.17607794888,102822.23275156625,102822.23275156625,18054.071135110065,18054.071135110065,18054.071135110065,18054.071135110065,18054.071135110065,18054.071135110065,0.0,0.0,0.0,120876.30388667631,92.0,Giant Martins,0.0,663.5200000000002,64.0
2012-08-01,114129.70157316349,-6883.9779967062905,136682.1753160177,114129.70157316349,114129.70157316349,-49690.102134958404,-49690.102134958404,-49690.102134958404,-49690.102134958404,-49690.102134958404,-49690.102134958404,0.0,0.0,0.0,64439.599438205085,97.0,Giant Martins,0.0,29541.21999999996,5407.0
2012-09-01,125437.1707979429,-2169.47897107815,137026.42112267157,125437.1707979429,125437.1707979429,-60318.04664464807,-60318.04664464807,-60318.04664464807,-60318.04664464807,-60318.04664464807,-60318.04664464807,0.0,0.0,0.0,65119.12415329483,102.0,Giant Martins,28183.309999999998,20849.86999999997,4566.0
2012-10-01,136379.88295095522,92905.05828521997,228169.9970433557,136379.88295095522,136379.88295095522,22765.634305306095,22765.634305306095,22765.634305306095,22765.634305306095,22765.634305306095,22765.634305306095,0.0,0.0,0.0,159145.51725626132,107.0,Giant Martins,170347.85999999987,36279.719999999856,4546.0
2012-11-01,147687.3521899533,81701.95740135279,217152.4114202968,147687.3521899533,147687.3521899533,1560.906667276431,1560.906667276431,1560.906667276431,1560.906667276431,1560.906667276431,1560.906667276431,0.0,0.0,0.0,149248.25885722972,112.0,Giant Martins,223796.68,45855.16000000017,4381.0
2012-12-01,158630.06437083325,69491.14693291519,216898.93580730457,158630.06437083325,158630.06437083325,-16385.890729936185,-16385.890729936185,-16385.890729936185,-16385.890729936185,-16385.890729936185,-16385.890729936185,0.0,0.0,0.0,142244.17364089706,117.0,Giant Martins,153103.30000000005,40938.930000000044,4003.0
2013-01-01,169937.53364567464,271651.6173982483,414139.3556363727,169937.53364567464,169937.53364567464,174500.74720228137,174500.74720228137,174500.74720228137,174500.74720228137,174500.74720228137,174500.74720228137,0.0,0.0,0.0,344438.280847956,122.0,Giant Martins,380235.0200000003,43725.04329999985,4668.0
2013-02-01,181245.00292388862,123469.48424648956,263636.00317108934,181245.00292388862,181245.00292388862,10787.094723753764,10787.094723753764,10787.094723753764,10787.094723753764,10787.094723753764,10787.094723753764,0.0,0.0,0.0,192032.0976476424,127.0,Giant Martins,191998.50999999998,28790.98999999999,3707.0
2013-03-01,191458.20099966583,149515.15121009338,291765.780876102,191458.20099966583,191458.20099966583,31789.955752525006,31789.955752525006,31789.955752525006,31789.955752525006,31789.955752525006,31789.955752525006,0.0,0.0,0.0,223248.15675219084,132.0,Giant Martins,296419.77999999997,24517.650000000052,4194.0
2013-04-01,202765.6702982077,142673.22190806695,284588.8676963856,202765.6702982077,202765.6702982077,13303.944286797752,13303.944286797752,13303.944286797752,13303.944286797752,13303.944286797752,13303.944286797752,0.0,0.0,0.0,216069.61458500545,137.0,Giant Martins,253425.48000000013,22080.879999999906,4452.0
2013-05-01,213708.38251618118,142612.48633985166,286568.9117043908,213708.38251618118,213708.38251618118,2752.4499754884537,2752.4499754884537,2752.4499754884537,2752.4499754884537,2752.4499754884537,2752.4499754884537,0.0,0.0,0.0,216460.83249166963,142.0,Giant Martins,240548.87,19510.303300000192,4975.0
2013-06-01,225015.8518080872,138038.27010649175,273967.6666145602,225015.8518080872,225015.8518080872,-16787.76319719477,-16787.76319719477,-16787.76319719477,-16787.76319719477,-16787.76319719477,-16787.76319719477,0.0,0.0,0.0,208228.08861089242,147.0,Giant Martins,212801.36000000007,19069.759999999842,4953.0
2013-07-01,235958.56402606078,173764.7194897177,309346.76272106415,235958.56402606078,235958.56402606078,4192.206024683656,4192.206024683656,4192.206024683656,4192.206024683656,4192.206024683656,4192.206024683656,0.0,0.0,0.0,240150.77005074444,152.0,Giant Martins,308712.40000000026,61908.039999999004,6141.0
2013-08-01,247266.03331796674,131911.69311215833,271604.316572626,247266.03331796674,247266.03331796674,-42326.78364285883,-42326.78364285883,-42326.78364285883,-42326.78364285883,-42326.78364285883,-42326.78364285883,0.0,0.0,0.0,204939.24967510792,157.0,Giant Martins,224870.68999999997,60908.64000000001,5132.0
2013-09-01,258573.50260987275,143396.1813582253,283924.4051422219,258573.50260987275,258573.50260987275,-42627.465979687244,-42627.465979687244,-42627.465979687244,-42627.465979687244,-42627.465979687244,-42627.465979687244,0.0,0.0,0.0,215946.0366301855,162.0,Giant Martins,238397.6099999999,43333.46000000007,4794.0
2013-10-01,269516.2148278463,219094.46489449195,358990.0629528733,269516.2148278463,269516.2148278463,17418.082590401154,17418.082590401154,17418.082590401154,17418.082590401154,17418.082590401154,17418.082590401154,0.0,0.0,0.0,286934.2974182475,167.0,Giant Martins,285495.6399999999,38523.33000000025,5388.0
2013-11-01,280823.6841197524,214122.639576367,355215.14835649176,280823.6841197524,280823.6841197524,2323.9167222267265,2323.9167222267265,2323.9167222267265,2323.9167222267265,2323.9167222267265,2323.9167222267265,0.0,0.0,0.0,283147.6008419791,172.0,Giant Martins,227544.21999999983,33961.270000000055,4774.0
2013-12-01,291766.3963377259,219605.12623013707,367087.34087761416,291766.3963377259,291766.3963377259,4184.237842552053,4184.237842552053,4184.237842552053,4184.237842552053,4184.237842552053,4184.237842552053,0.0,0.0,0.0,295950.634180278,177.0,Giant Martins,353662.60000000015,49168.470000000016,4485.0
2014-01-01,303073.86562963197,355752.00900499074,499191.6920719377,303073.8520653105,303073.8780964999,124066.23697586023,124066.23697586023,124066.23697586023,124066.23697586023,124066.23697586023,124066.23697586023,0.0,0.0,0.0,427140.1026054922,,,,,
2014-02-01,314381.33492153796,257923.9225465454,400451.4289019692,314381.28870078747,314381.3772469712,13286.579132062916,13286.579132062916,13286.579132062916,13286.579132062916,13286.579132062916,13286.579132062916,0.0,0.0,0.0,327667.91405360086,,,,,
2014-03-01,324594.5329916467,315859.1320091026,454903.6918614071,324594.44475409924,324594.6189362241,59024.982204230786,59024.982204230786,59024.982204230786,59024.982204230786,59024.982204230786,59024.982204230786,0.0,0.0,0.0,383619.51519587747,,,,,
2014-04-01,335902.0022835526,287536.69371465244,428496.71252790873,335901.8656202058,335902.1435050552,20220.308610746477,20220.308610746477,20220.308610746477,20220.308610746477,20220.308610746477,20220.308610746477,0.0,0.0,0.0,356122.31089429907,,,,,
2014-05-01,346844.71450152615,273318.6189334424,419131.84391621716,346844.5230089013,346844.90980485553,-5187.520652448611,-5187.520652448611,-5187.520652448611,-5187.520652448611,-5187.520652448611,-5187.520652448611,0.0,0.0,0.0,341657.19384907756,,,,,
2014-06-01,358152.1837934322,261251.16392351163,399002.4880000795,358151.9326697875,358152.4497901549,-28622.809567209984,-28622.809567209984,-28622.809567209984,-28622.809567209984,-28622.809567209984,-28622.809567209984,0.0,0.0,0.0,329529.3742262222,,,,,
2014-07-01,369094.8960114058,286987.2228255878,428165.84471032786,369094.5837622658,369095.24003046146,-9270.26011792017,-9270.26011792017,-9270.26011792017,-9270.26011792017,-9270.26011792017,-9270.26011792017,0.0,0.0,0.0,359824.6358934856,,,,,
2014-08-01,380402.36530331173,279205.2183423231,416531.0831902904,380401.9782520633,380402.78799118253,-34408.10445478118,-34408.10445478118,-34408.10445478118,-34408.10445478118,-34408.10445478118,-34408.10445478118,0.0,0.0,0.0,345994.26084853057,,,,,
2014-09-01,391709.8345952177,297295.182092537,435833.9376503837,391709.3595951632,391710.3399446613,-24958.96741139443,-24958.96741139443,-24958.96741139443,-24958.96741139443,-24958.96741139443,-24958.96741139443,0.0,0.0,0.0,366750.8671838233,,,,,
2014-10-01,402652.5468131913,341962.4475748097,483922.16416415875,402651.98191534955,402653.14552359446,11817.858381121372,11817.858381121372,11817.858381121372,11817.858381121372,11817.858381121372,11817.858381121372,0.0,0.0,0.0,414470.4051943127,,,,,
2014-11-01,413960.0161050973,346162.1257742145,485368.94564641936,413959.3691128434,413960.7175982436,3125.902983859469,3125.902983859469,3125.902983859469,3125.902983859469,3125.902983859469,3125.902983859469,0.0,0.0,0.0,417085.9190889568,,,,,
2014-12-01,424902.7283230709,379347.2636313131,522983.2003029619,424901.9910215389,424903.53519783524,24076.303242155467,24076.303242155467,24076.303242155467,24076.303242155467,24076.303242155467,24076.303242155467,0.0,0.0,0.0,448979.0315652264,,,,,
2011-01-01,-45910.852495169245,-80338.34717797303,83987.29062375556,-45910.852495169245,-45910.852495169245,47440.31351379721,47440.31351379721,47440.31351379721,47440.31351379721,47440.31351379721,47440.31351379721,0.0,0.0,0.0,1529.4610186279679,3.0,North,28213.940000000017,2245.1899999999996,482.0
2011-02-01,-36805.23136839964,-84310.3876958092,80210.81119826208,-36805.23136839964,-36805.23136839964,36781.282441643525,36781.282441643525,36781.282441643525,36781.282441643525,36781.282441643525,36781.282441643525,0.0,0.0,0.0,0.0,8.0,North,35375.04999999999,2139.5933000000005,436.0
2011-03-01,-28580.799391051736,-71848.38735273518,86015.14688846802,-28580.799391051736,-28580.799391051736,38533.44930341561,38533.44930341561,38533.44930341561,38533.44930341561,38533.44930341561,38533.44930341561,0.0,0.0,0.0,9952.649912363875,13.0,North,39923.32,2280.17,477.0
2011-04-01,-19475.178267540963,-102629.689475279,65480.37086514311,-19475.178267540963,-19475.178267540963,3049.921003536509,3049.921003536509,3049.921003536509,3049.921003536509,3049.921003536509,3049.921003536509,0.0,0.0,0.0,0.0,18.0,North,42927.820000000014,1896.0901,472.0
2011-05-01,-10663.28684571298,-108686.06331337581,55525.364508443985,-10663.28684571298,-10663.28684571298,-16552.68760339853,-16552.68760339853,-16552.68760339853,-16552.68760339853,-16552.68760339853,-16552.68760339853,0.0,0.0,0.0,0.0,23.0,North,41847.590000000004,2213.21,565.0
2011-06-01,-1557.665711074628,-132307.2492532875,37505.97300297356,-1557.665711074628,-1557.665711074628,-40977.53645250503,-40977.53645250503,-40977.53645250503,-40977.53645250503,-40977.53645250503,-40977.53645250503,0.0,0.0,0.0,0.0,28.0,North,40963.16000000001,2237.2799999999997,524.0
2011-07-01,7254.225701732065,-77696.02846354667,80270.34441042307,7254.225701732065,7254.225701732065,-1451.4520655905485,-1451.4520655905485,-1451.4520655905485,-1451.4520655905485,-1451.4520655905485,-1451.4520655905485,0.0,0.0,0.0,5802.773636141517,33.0,North,39905.02,1827.05,504.0
2011-08-01,16359.846823690716,-68397.10113919278,102096.59628803497,16359.846823690716,16359.846823690716,1500.1321363725312,1500.1321363725312,1500.1321363725312,1500.1321363725312,1500.1321363725312,1500.1321363725312,0.0,0.0,0.0,17859.978960063247,38.0,North,42226.040000000015,2191.3599999999997,535.0
2011-09-01,25465.467945649358,-20695.98047651701,141355.55645938768,25465.467945649358,25465.467945649358,34977.24739144118,34977.24739144118,34977.24739144118,34977.24739144118,34977.24739144118,34977.24739144118,0.0,0.0,0.0,60442.71533709054,43.0,North,39700.610000000015,1884.2299999999996,549.0
2011-10-01,34277.3593488448,-38306.23841912171,127301.19572578126,34277.3593488448,34277.3593488448,8301.22940249683,8301.22940249683,8301.22940249683,8301.22940249683,8301.22940249683,8301.22940249683,0.0,0.0,0.0,42578.58875134163,48.0,North,32458.070000000007,2098.8532999999998,470.0
2011-11-01,43382.98046381565,-35946.770947663514,131177.09441478923,43382.98046381565,43382.98046381565,9523.960606591878,9523.960606591878,9523.960606591878,9523.960606591878,9523.960606591878,9523.960606591878,0.0,0.0,0.0,52906.94107040753,53.0,North,26086.649999999998,2314.5967000000005,429.0
2011-12-01,52194.87186001414,62542.610141982346,219965.65799847426,52194.87186001414,52194.87186001414,94695.19823565701,94695.19823565701,94695.19823565701,94695.19823565701,94695.19823565701,94695.19823565701,0.0,0.0,0.0,146890.07009567114,58.0,North,24576.73999999999,2051.8500000000004,371.0
2012-01-01,61300.49297200144,25523.096954225202,188258.49692891145,61300.49297200144,61300.49297200144,47303.0125006326,47303.0125006326,47303.0125006326,47303.0125006326,47303.0125006326,47303.0125006326,0.0,0.0,0.0,108603.50547263405,63.0,North,47355.85,2480.45,578.0
2012-02-01,70406.11410586193,-6705.688746216109,158774.93058654733,70406.11410586193,70406.11410586193,6117.049680991991,6117.049680991991,6117.049680991991,6117.049680991991,6117.049680991991,6117.049680991991,0.0,0.0,0.0,76523.16378685391,68.0,North,31880.560000000005,2187.25,446.0
2012-03-01,78924.27583144317,-41713.492566867186,119090.73756694673,78924.27583144317,78924.27583144317,-40866.22756778894,-40866.22756778894,-40866.22756778894,-40866.22756778894,-40866.22756778894,-40866.22756778894,0.0,0.0,0.0,38058.04826365423,73.0,North,51638.800000000025,2538.8732999999997,580.0
2012-04-01,88030.03961514884,-13231.26971348999,147469.83347448218,88030.03961514884,88030.03961514884,-21392.906682857774,-21392.906682857774,-21392.906682857774,-21392.906682857774,-21392.906682857774,-21392.906682857774,0.0,0.0,0.0,66637.13293229106,78.0,North,42693.39,2136.5399999999995,546.0
2012-05-01,96844.08207793608,11955.39429098844,181229.78860360853,96844.08207793608,96844.08207793608,4248.342198579313,4248.342198579313,4248.342198579313,4248.342198579313,4248.342198579313,4248.342198579313,0.0,0.0,0.0,101092.42427651539,83.0,North,37893.689999999995,2052.129999999999,458.0
2012-06-01,105955.53866638515,1106.341695456012,161617.11047309826,105955.53866638515,105955.53866638515,-25644.908651981776,-25644.908651981776,-25644.908651981776,-25644.908651981776,-25644.908651981776,-25644.908651981776,0.0,0.0,0.0,80310.63001440337,88.0,North,34975.110000000015,1985.7299999999998,444.0
2012-07-01,114773.07775941768,73131.39962023366,232362.53689607163,114773.07775941768,114773.07775941768,34109.10519259278,34109.10519259278,34109.10519259278,34109.10519259278,34109.10519259278,34109.10519259278,0.0,0.0,0.0,148882.18295201045,93.0,North,41414.78,1893.2,488.0
2012-08-01,123884.53481880586,20739.169785704675,182768.14917349853,123884.53481880586,123884.53481880586,-21671.670878155255,-21671.670878155255,-21671.670878155255,-21671.670878155255,-21671.670878155255,-21671.670878155255,0.0,0.0,0.0,102212.8639406506,98.0,North,51216.89,19341.299999999937,3341.0
2012-09-01,132998.60086633146,39261.53833770248,203584.29580350802,132998.60086633146,132998.60086633146,-12277.46240361094,-12277.46240361094,-12277.46240361094,-12277.46240361094,-12277.46240361094,-12277.46240361094,0.0,0.0,0.0,120721.13846272051,103.0,North,66948.67999999998,14344.109999999997,3078.0
2012-10-01,141818.66478329175,101930.56331256132,261803.00872491338,141818.66478329175,141818.66478329175,41621.1386227084,41621.1386227084,41621.1386227084,41621.1386227084,41621.1386227084,41621.1386227084,0.0,0.0,0.0,183439.80340600014,108.0,North,240046.89,23740.2067,3006.0
2012-11-01,150932.73083412123,98245.26056750574,261004.00865360996,150932.73083412123,150932.73083412123,29132.738837853627,29132.738837853627,29132.738837853627,29132.738837853627,29132.738837853627,29132.738837853627,0.0,0.0,0.0,180065.46967197486,113.0,North,273664.8500000001,28317.819999999967,2762.0
2012-12-01,159752.794769108,123547.7790181282,294896.15816192067,159752.794769108,159752.794769108,51151.88574400051,51151.88574400051,51151.88574400051,51151.88574400051,51151.88574400051,51151.88574400051,0.0,0.0,0.0,210904.6805131085,118.0,North,132100.91000000003,22286.04999999997,2370.0
2013-01-01,168866.8608399688,140535.17294034004,299842.3230429963,168866.8608399688,168866.8608399688,46221.727908164845,46221.727908164845,46221.727908164845,46221.727908164845,46221.727908164845,46221.727908164845,0.0,0.0,0.0,215088.58874813365,123.0,North,249247.92999999996,29148.130000000037,3154.0
2013-02-01,177980.92691689578,197527.0610515838,357570.17081671103,177980.92691689578,177980.92691689578,98844.85987048734,98844.85987048734,98844.85987048734,98844.85987048734,98844.85987048734,98844.85987048734,0.0,0.0,0.0,276825.78678738314,128.0,North,285302.32000000007,20670.329999999998,2862.0
2013-03-01,186212.9866078711,89650.99236631855,254214.4519754359,186212.9866078711,186212.9866078711,-14833.032689656022,-14833.032689656022,-14833.032689656022,-14833.032689656022,-14833.032689656022,-14833.032689656022,0.0,0.0,0.0,171379.9539182151,133.0,North,126910.0700000001,14955.199999999983,2652.0
2013-04-01,195327.05269257253,102725.7902531016,266712.04075327737,195327.05269257253,195327.05269257253,-12869.226530298865,-12869.226530298865,-12869.226530298865,-12869.226530298865,-12869.226530298865,-12869.226530298865,0.0,0.0,0.0,182457.82616227368,138.0,North,146245.26999999996,10815.439999999993,2189.0
2013-05-01,204147.1166560207,119918.66019558477,285029.0875303091,204147.1166560207,204147.1166560207,-2362.9999767597155,-2362.9999767597155,-2362.9999767597155,-2362.9999767597155,-2362.9999767597155,-2362.9999767597155,0.0,0.0,0.0,201784.11667926097,143.0,North,195691.45,12965.830000000038,3007.0
2013-06-01,213261.18275158384,109199.62660020526,262961.685361512,213261.18275158384,213261.18275158384,-30668.453497615767,-30668.453497615767,-30668.453497615767,-30668.453497615767,-30668.453497615767,-30668.453497615767,0.0,0.0,0.0,182592.72925396808,148.0,North,144381.4099999999,13574.716699999977,2680.0
2013-07-01,222081.24671503206,161678.26915924394,327429.28732036095,222081.24671503206,222081.24671503206,21997.40974542517,21997.40974542517,21997.40974542517,21997.40974542517,21997.40974542517,21997.40974542517,0.0,0.0,0.0,244078.65646045722,153.0,North,318014.68000000017,71196.96999999837,4535.0
2013-08-01,231195.31281059523,129769.84379361535,297392.68688843766,231195.31281059523,231195.31281059523,-14349.786206659372,-14349.786206659372,-14349.786206659372,-14349.786206659372,-14349.786206659372,-14349.786206659372,0.0,0.0,0.0,216845.52660393587,158.0,North,244150.1900000001,38596.059999999954,3152.0
2013-09-01,240309.37890615838,162633.19667033182,329104.4775031803,240309.37890615838,240309.37890615838,3651.722800838847,3651.722800838847,3651.722800838847,3651.722800838847,3651.722800838847,3651.722800838847,0.0,0.0,0.0,243961.10170699723,163.0,North,319224.5700000003,31966.010000000068,3319.0
2013-10-01,249129.4428696066,202105.03467018716,357753.3913146627,249129.4428696066,249129.4428696066,30786.65386433169,30786.65386433169,30786.65386433169,30786.65386433169,30786.65386433169,30786.65386433169,0.0,0.0,0.0,279916.0967339383,168.0,North,234115.84000000005,22237.219999999907,3084.0
2013-11-01,258243.50896516978,202752.77425013186,365427.2661874369,258243.50896516978,258243.50896516978,22359.74106689888,22359.74106689888,22359.74106689888,22359.74106689888,22359.74106689888,22359.74106689888,0.0,0.0,0.0,280603.25003206864,173.0,North,214390.97000000006,21106.31999999997,3086.0
2013-12-01,267063.572928618,253477.91251779345,414928.3435711831,267063.572928618,267063.572928618,65693.95736999308,65693.95736999308,65693.95736999308,65693.95736999308,65693.95736999308,65693.95736999308,0.0,0.0,0.0,332757.5302986111,178.0,North,533713.7500000001,33414.63999999998,3210.0
2014-01-01,276177.63902418123,239623.874657784,407074.62976631755,276177.50548639696,276177.83932967664,47081.45479141956,47081.45479141956,47081.45479141956,47081.45479141956,47081.45479141956,47081.45479141956,0.0,0.0,0.0,323259.0938156008,,,,,
2014-02-01,285291.7051197443,275445.255787022,439831.3146556919,285291.1034231336,285292.46289761615,67701.14485325833,67701.14485325833,67701.14485325833,67701.14485325833,67701.14485325833,67701.14485325833,0.0,0.0,0.0,352992.8499730026,,,,,
2014-03-01,293523.76481896266,229846.73143303793,380779.07576891396,293522.6507835921,293525.10712350573,11642.69059065581,11642.69059065581,11642.69059065581,11642.69059065581,11642.69059065581,11642.69059065581,0.0,0.0,0.0,305166.45540961844,,,,,
2014-04-01,302637.83091452584,218730.05490023995,381645.24692669144,302636.0426535331,302639.9683401999,-4716.412350905262,-4716.412350905262,-4716.412350905262,-4716.412350905262,-4716.412350905262,-4716.412350905262,0.0,0.0,0.0,297921.4185636206,,,,,
2014-05-01,311457.894877974,222318.47408823305,386915.1835241411,311455.2434818658,311460.96655681264,-9299.252689651164,-9299.252689651164,-9299.252689651164,-9299.252689651164,-9299.252689651164,-9299.252689651164,0.0,0.0,0.0,302158.64218832285,,,,,
2014-06-01,320571.9609735372,205388.3198024949,367921.1763116969,320568.3935301654,320575.84406987194,-35783.17504017146,-35783.17504017146,-35783.17504017146,-35783.17504017146,-35783.17504017146,-35783.17504017146,0.0,0.0,0.0,284788.7859333657,,,,,
2014-07-01,329392.02493698546,253414.98852744832,420679.58166799415,329387.43577823543,329396.8703846823,10139.508340474511,10139.508340474511,10139.508340474511,10139.508340474511,10139.508340474511,10139.508340474511,0.0,0.0,0.0,339531.53327745997,,,,,
2014-08-01,338506.0910325485,247796.6537758425,412470.81958771445,338500.4191260371,338511.9637823101,-6622.5480941822125,-6622.5480941822125,-6622.5480941822125,-6622.5480941822125,-6622.5480941822125,-6622.5480941822125,0.0,0.0,0.0,331883.5429383663,,,,,
2014-09-01,347620.1571281117,279365.25578382675,453761.47666217916,347613.2830254206,347627.2054970378,19409.3699918491,19409.3699918491,19409.3699918491,19409.3699918491,19409.3699918491,19409.3699918491,0.0,0.0,0.0,367029.5271199608,,,,,
2014-10-01,356440.2210915599,297771.5220474714,462513.3110050269,356432.2799176395,356448.37135300913,19676.708810398166,19676.708810398166,19676.708810398166,19676.708810398166,19676.708810398166,19676.708810398166,0.0,0.0,0.0,376116.9299019581,,,,,
2014-11-01,365554.28718712315,297852.66049085645,457723.91040441504,365544.731272553,365563.7796673607,15821.404774230392,15821.404774230392,15821.404774230392,15821.404774230392,15821.404774230392,15821.404774230392,0.0,0.0,0.0,381375.6919613535,,,,,
2014-12-01,374374.3511505713,370532.7702605716,535616.4262012403,374363.4477995824,374385.2424616207,80213.19189301615,80213.19189301615,80213.19189301615,80213.19189301615,80213.19189301615,80213.19189301615,0.0,0.0,0.0,454587.5430435875,,,,,
2011-01-01,-50342.66823066499,-70629.15291879671,53093.25668978594,-50342.66823066499,-50342.66823066499,42784.41697573895,42784.41697573895,42784.41697573895,42784.41697573895,42784.41697573895,42784.41697573895,0.0,0.0,0.0,0.0,4.0,South,15036.65,1171.62,283.0
2011-02-01,-42678.87930486358,-83756.28734138331,45548.63739843807,-42678.87930486358,-42678.87930486358,25367.363632736564,25367.363632736564,25367.363632736564,25367.363632736564,25367.363632736564,25367.363632736564,0.0,0.0,0.0,0.0,9.0,South,10923.389999999998,1027.5034999999998,232.0
2011-03-01,-35756.74737046736,-33303.663035418045,88325.38871670632,-35756.74737046736,-35756.74737046736,62225.47181028903,62225.47181028903,62225.47181028903,62225.47181028903,62225.47181028903,62225.47181028903,0.0,0.0,0.0,26468.72443982167,14.0,South,9900.220000000003,1303.4967,225.0
2011-04-01,-28092.958446110537,-67465.33604096383,53193.04614633662,-28092.958446110537,-28092.958446110537,21545.005372854164,21545.005372854164,21545.005372854164,21545.005372854164,21545.005372854164,21545.005372854164,0.0,0.0,0.0,0.0,19.0,South,12378.51,1042.5367,196.0
2011-05-01,-20676.388517748346,-89356.27198764116,32968.26729865166,-20676.388517748346,-20676.388517748346,-5980.455052984339,-5980.455052984339,-5980.455052984339,-5980.455052984339,-5980.455052984339,-5980.455052984339,0.0,0.0,0.0,0.0,24.0,South,15415.220000000001,1176.6,284.0
2011-06-01,-13012.599592915463,-109795.67730468602,14286.925432161372,-13012.599592915463,-13012.599592915463,-32717.48297802814,-32717.48297802814,-32717.48297802814,-32717.48297802814,-32717.48297802814,-32717.48297802814,0.0,0.0,0.0,0.0,29.0,South,10690.39,1229.99,277.0
2011-07-01,-5596.0296681951395,-86342.50290867138,38739.5591306457,-5596.0296681951395,-5596.0296681951395,-19650.726372280307,-19650.726372280307,-19650.726372280307,-19650.726372280307,-19650.726372280307,-19650.726372280307,0.0,0.0,0.0,0.0,34.0,South,16961.790000000005,1360.0499999999997,288.0
2011-08-01,2067.7592547997538,-83719.87682005181,47664.61066116044,2067.7592547997538,2067.7592547997538,-21681.427640678998,-21681.427640678998,-21681.427640678998,-21681.427640678998,-21681.427640678998,-21681.427640678998,0.0,0.0,0.0,0.0,39.0,South,15029.109999999997,1010.3300000000002,275.0
2011-09-01,9731.548177794637,-55481.43073324824,64072.33428602577,9731.548177794637,9731.548177794637,-4365.1207088620995,-4365.1207088620995,-4365.1207088620995,-4365.1207088620995,-4365.1207088620995,-4365.1207088620995,0.0,0.0,0.0,5366.4274689325375,44.0,South,12606.619999999999,926.89,236.0
2011-10-01,17148.118107209262,-34290.43284198782,88675.78987933285,17148.118107209262,17148.118107209262,11028.892509344398,11028.892509344398,11028.892509344398,11028.892509344398,11028.892509344398,11028.892509344398,0.0,0.0,0.0,28177.01061655366,49.0,South,15355.619999999997,1416.9000000000003,271.0
2011-11-01,24811.907034807842,-43417.8425842238,77789.38350039515,24811.907034807842,24811.907034807842,-10016.822224331267,-10016.822224331267,-10016.822224331267,-10016.822224331267,-10016.822224331267,-10016.822224331267,0.0,0.0,0.0,14795.084810476576,54.0,South,20181.289999999994,954.8199999999999,199.0
2011-12-01,32228.476965607304,24446.357447937848,143674.92833319094,32228.476965607304,32228.476965607304,50571.93561193816,50571.93561193816,50571.93561193816,50571.93561193816,50571.93561193816,50571.93561193816,0.0,0.0,0.0,82800.41257754547,59.0,South,11390.140000000001,1384.1499999999999,221.0
2012-01-01,39892.26589609414,18534.117241155775,144019.4329195195,39892.26589609414,39892.26589609414,39797.15721843758,39797.15721843758,39797.15721843758,39797.15721843758,39797.15721843758,39797.15721843758,0.0,0.0,0.0,79689.42311453172,64.0,South,21223.080000000005,1281.2900000000002,268.0
2012-02-01,47556.05482503332,4589.619090677526,125040.10637715887,47556.05482503332,47556.05482503332,15368.814380403506,15368.814380403506,15368.814380403506,15368.814380403506,15368.814380403506,15368.814380403506,0.0,0.0,0.0,62924.86920543683,69.0,South,14516.58,1406.27,237.0
2012-03-01,54725.40576099398,-5683.267507137458,116661.00925854742,54725.40576099398,54725.40576099398,-1747.2317665765088,-1747.2317665765088,-1747.2317665765088,-1747.2317665765088,-1747.2317665765088,-1747.2317665765088,0.0,0.0,0.0,52978.17399441747,74.0,South,20561.389999999996,1319.8899999999999,252.0
2012-04-01,62389.194696476115,1706.9988642958897,128755.17489922643,62389.194696476115,62389.194696476115,3929.725024348838,3929.725024348838,3929.725024348838,3929.725024348838,3929.725024348838,3929.725024348838,0.0,0.0,0.0,66318.91972082495,79.0,South,13174.589999999998,950.37,195.0
2012-05-01,69805.7646353921,22875.254193767923,141215.4628419231,69805.7646353921,69805.7646353921,10524.70235565081,10524.70235565081,10524.70235565081,10524.70235565081,10524.70235565081,10524.70235565081,0.0,0.0,0.0,80330.46699104291,84.0,South,11536.8,1166.4599999999998,174.0
2012-06-01,77469.55357067345,23545.356962158767,145060.46827584397,77469.55357067345,77469.55357067345,8111.5340943467045,8111.5340943467045,8111.5340943467045,8111.5340943467045,8111.5340943467045,8111.5340943467045,0.0,0.0,0.0,85581.08766502015,89.0,South,20840.440000000002,1094.0900000000001,197.0
2012-07-01,84886.12351047479,30655.813032739617,161186.92022449226,84886.12351047479,84886.12351047479,9722.831117298041,9722.831117298041,9722.831117298041,9722.831117298041,9722.831117298041,9722.831117298041,0.0,0.0,0.0,94608.95462777284,94.0,South,18759.870000000003,1114.34,197.0
2012-08-01,92549.92050128772,-14470.954227351873,109397.84280190115,92549.92050128772,92549.92050128772,-41744.955907201096,-41744.955907201096,-41744.955907201096,-41744.955907201096,-41744.955907201096,-41744.955907201096,0.0,0.0,0.0,50804.964594086625,99.0,South,15679.509999999995,14488.530000000017,2479.0
2012-09-01,100213.71748972175,-17393.902836182864,104500.94105990061,100213.71748972175,100213.71748972175,-55270.45650639436,-55270.45650639436,-55270.45650639436,-55270.45650639436,-55270.45650639436,-55270.45650639436,0.0,0.0,0.0,44943.26098332739,104.0,South,25318.159999999993,10440.630000000003,2143.0
2012-10-01,107630.29522046435,19845.62449187743,149003.30201575518,107630.29522046435,107630.29522046435,-22193.88251525028,-22193.88251525028,-22193.88251525028,-22193.88251525028,-22193.88251525028,-22193.88251525028,0.0,0.0,0.0,85436.41270521407,109.0,South,102943.42,17625.47999999999,1972.0
2012-11-01,115294.09221206633,109333.3759414808,236541.35597151445,115294.09221206633,115294.09221206633,55759.54821309831,55759.54821309831,55759.54821309831,55759.54821309831,55759.54821309831,55759.54821309831,0.0,0.0,0.0,171053.64042516463,114.0,South,294805.6899999998,25571.470000000023,2242.0
2012-12-01,122710.66994606447,106063.78203919498,230451.00596414067,122710.66994606447,122710.66994606447,49020.316200937246,49020.316200937246,49020.316200937246,49020.316200937246,49020.316200937246,49020.316200937246,0.0,0.0,0.0,171730.98614700173,119.0,South,173558.65,19686.07000000001,1918.0
2013-01-01,130374.46693704446,115766.85603141064,242164.04248136265,130374.46693704446,130374.46693704446,48910.68256314997,48910.68256314997,48910.68256314997,48910.68256314997,48910.68256314997,48910.68256314997,0.0,0.0,0.0,179285.1495001944,124.0,South,214956.32000000004,23647.289999999994,2344.0
2013-02-01,138038.26392540964,125973.47686298816,246225.462240908,138038.26392540964,138038.26392540964,46514.07875441363,46514.07875441363,46514.07875441363,46514.07875441363,46514.07875441363,46514.07875441363,0.0,0.0,0.0,184552.34267982328,129.0,South,204273.3,15708.810000000003,1977.0
2013-03-01,144960.4031434674,99002.45361798558,227428.3585354639,144960.4031434674,144960.4031434674,19454.852596500066,19454.852596500066,19454.852596500066,19454.852596500066,19454.852596500066,19454.852596500066,0.0,0.0,0.0,164415.25573996748,134.0,South,212544.4700000001,12749.87,2090.0
2013-04-01,152624.2001338425,100600.05048141867,225939.44277665156,152624.2001338425,152624.2001338425,10235.07602711282,10235.07602711282,10235.07602711282,10235.07602711282,10235.07602711282,10235.07602711282,0.0,0.0,0.0,162859.2761609553,139.0,South,196333.26,11467.013300000004,2179.0
2013-05-01,160040.7778697522,98879.86265927333,225914.34082244372,160040.7778697522,160040.7778697522,5437.428454966176,5437.428454966176,5437.428454966176,5437.428454966176,5437.428454966176,5437.428454966176,0.0,0.0,0.0,165478.20632471837,144.0,South,191862.17999999993,9536.526699999995,2794.0
2013-06-01,167704.57486352554,100187.69416705299,224625.74571377394,167704.57486352554,167704.57486352554,-5419.637339237245,-5419.637339237245,-5419.637339237245,-5419.637339237245,-5419.637339237245,-5419.637339237245,0.0,0.0,0.0,162284.9375242883,149.0,South,170391.29000000004,7363.330000000022,2902.0
2013-07-01,175121.15259943518,113437.99771826342,234027.824610535,175121.15259943518,175121.15259943518,-492.5724750476182,-492.5724750476182,-492.5724750476182,-492.5724750476182,-492.5724750476182,-492.5724750476182,0.0,0.0,0.0,174628.58012438758,154.0,South,208603.52000000008,35602.299999999675,3170.0
2013-08-01,182784.94959320853,86409.67555769674,211265.09797488843,182784.94959320853,182784.94959320853,-35583.77802232244,-35583.77802232244,-35583.77802232244,-35583.77802232244,-35583.77802232244,-35583.77802232244,0.0,0.0,0.0,147201.1715708861,159.0,South,148116.17999999996,35722.76329999997,2704.0
2013-09-01,190448.74658698184,92697.55317836274,215646.651676315,190448.74658698184,190448.74658698184,-38381.766350686965,-38381.766350686965,-38381.766350686965,-38381.766350686965,-38381.766350686965,-38381.766350686965,0.0,0.0,0.0,152066.98023629488,164.0,South,164981.62000000002,26473.6,2411.0
2013-10-01,197865.32432289157,121270.69002114065,248631.66744446993,197865.32432289157,197865.32432289157,-10517.696403912327,-10517.696403912327,-10517.696403912327,-10517.696403912327,-10517.696403912327,-10517.696403912327,0.0,0.0,0.0,187347.62791897924,169.0,South,183173.45999999996,18846.28999999996,2479.0
2013-11-01,205529.12131666488,173871.10075541367,301357.14179408574,205529.12131666488,205529.12131666488,34149.677892739324,34149.677892739324,34149.677892739324,34149.677892739324,34149.677892739324,34149.677892739324,0.0,0.0,0.0,239678.7992094042,174.0,South,111069.10000000005,13068.429999999977,1956.0
2013-12-01,212945.69905257455,203476.6581626666,321331.354301331,212945.69905257455,212945.69905257455,49369.9175335926,49369.9175335926,49369.9175335926,49369.9175335926,49369.9175335926,49369.9175335926,0.0,0.0,0.0,262315.61658616713,179.0,South,331861.21000000037,18277.960000000003,1799.0
2014-01-01,220609.4960463479,210161.1436659639,331879.8946449574,220609.4958172973,220609.4962143557,45824.74018807976,45824.74018807976,45824.74018807976,45824.74018807976,45824.74018807976,45824.74018807976,0.0,0.0,0.0,266434.23623442766,,,,,
2014-02-01,228273.2930401212,199748.9735126129,324526.0375926496,228273.29216669235,228273.2937822774,35752.01900820658,35752.01900820658,35752.01900820658,35752.01900820658,35752.01900820658,35752.01900820658,0.0,0.0,0.0,264025.31204832776,,,,,
2014-03-01,235195.43226030358,213555.24626581607,343429.3583355354,235195.43062521605,235195.43375405882,40787.883677789556,40787.883677789556,40787.883677789556,40787.883677789556,40787.883677789556,40787.883677789556,0.0,0.0,0.0,275983.3159380931,,,,,
2014-04-01,242859.2292540769,197405.23456414242,315654.90321923664,242859.22654501765,242859.23185420557,16110.868648620197,16110.868648620197,16110.868648620197,16110.868648620197,16110.868648620197,16110.868648620197,0.0,0.0,0.0,258970.0979026971,,,,,
2014-05-01,250275.80698998657,187517.6651526051,314783.0688283155,250275.80318312428,250275.8106489248,-67.57757261650478,-67.57757261650478,-67.57757261650478,-67.57757261650478,-67.57757261650478,-67.57757261650478,0.0,0.0,0.0,250208.22941737005,,,,,
2014-06-01,257939.60398375994,179562.73613524565,300159.46861227776,257939.5988270951,257939.60901497275,-19036.517401368565,-19036.517401368565,-19036.517401368565,-19036.517401368565,-19036.517401368565,-19036.517401368565,0.0,0.0,0.0,238903.08658239138,,,,,
2014-07-01,265356.1817196696,195578.28390494213,315962.3953037542,265356.17539836606,265356.18823574454,-10288.295221414359,-10288.295221414359,-10288.295221414359,-10288.295221414359,-10288.295221414359,-10288.295221414359,0.0,0.0,0.0,255067.88649825525,,,,,
2014-08-01,273019.9787134429,181051.105453365,303290.0235095215,273019.9708532327,273019.98656953155,-28892.502821649032,-28892.502821649032,-28892.502821649032,-28892.502821649032,-28892.502821649032,-28892.502821649032,0.0,0.0,0.0,244127.4758917939,,,,,
2014-09-01,280683.77570721623,201031.00558681358,322660.9078317463,280683.76631001034,280683.7855591084,-21404.65869051655,-21404.65869051655,-21404.65869051655,-21404.65869051655,-21404.65869051655,-21404.65869051655,0.0,0.0,0.0,259279.1170166997,,,,,
2014-10-01,288100.3534431259,228988.8173938816,351368.2158832715,288100.34231491777,288100.36503989337,560.6759724619916,560.6759724619916,560.6759724619916,560.6759724619916,560.6759724619916,560.6759724619916,0.0,0.0,0.0,288661.0294155879,,,,,
2014-11-01,295764.1504368993,246202.40570729595,366664.0275539108,295764.1373978165,295764.163686473,12216.818945322611,12216.818945322611,12216.818945322611,12216.818945322611,12216.818945322611,12216.818945322611,0.0,0.0,0.0,307980.96938222187,,,,,
2014-12-01,303180.72817280894,290807.38285425695,415090.2546076002,303180.71303328866,303180.74312724883,49884.65399309309,49884.65399309309,49884.65399309309,49884.65399309309,49884.65399309309,49884.65399309309,0.0,0.0,0.0,353065.38216590206,,,,,
