ds,trend,yhat_lower,yhat_upper,trend_lower,trend_upper,additive_terms,additive_terms_lower,additive_terms_upper,yearly,yearly_lower,yearly_upper,multiplicative_terms,multiplicative_terms_lower,multiplicative_terms_upper,yhat,portfolio,y,total_labor_hours
2011-01-01,-62850.21228452265,-96946.8817053461,76370.17127965433,-62850.21228452265,-62850.21228452265,54276.53641237224,54276.53641237224,54276.53641237224,54276.53641237224,54276.53641237224,54276.53641237224,0.0,0.0,0.0,-8573.675872150408,Central,27471.86999999999,1850.54
2011-02-01,-53056.46410158484,-90916.46119354176,85641.21397152185,-53056.46410158484,-53056.46410158484,45621.87067784114,45621.87067784114,45621.87067784114,45621.87067784114,45621.87067784114,45621.87067784114,0.0,0.0,0.0,-7434.593423743696,Central,17279.399999999998,1976.2700000000004
2011-03-01,-44210.497973541824,-37336.49168360846,139887.85547174813,-44210.497973541824,-44210.497973541824,92909.45274264974,92909.45274264974,92909.45274264974,92909.45274264974,92909.45274264974,92909.45274264974,0.0,0.0,0.0,48698.95476910791,Central,45911.0,1838.3832999999997
2011-04-01,-34416.74974289584,-74389.46808624147,103508.23132157237,-34416.74974289584,-34416.74974289584,49834.88921445192,49834.88921445192,49834.88921445192,49834.88921445192,49834.88921445192,49834.88921445192,0.0,0.0,0.0,15418.139471556082,Central,38693.18000000001,1940.0100000000002
2011-05-01,-24938.92884700508,-134082.20026033896,41756.391414104866,-24938.92884700508,-24938.92884700508,-17719.582127373375,-17719.582127373375,-17719.582127373375,-17719.582127373375,-17719.582127373375,-17719.582127373375,0.0,0.0,0.0,-42658.510974378456,Central,27174.019999999997,1912.9799999999987
2011-06-01,-15145.180586749319,-135689.3821302432,43899.86131323065,-15145.180586749319,-15145.180586749319,-29264.877986892763,-29264.877986892763,-29264.877986892763,-29264.877986892763,-29264.877986892763,-29264.877986892763,0.0,0.0,0.0,-44410.05857364208,Central,30753.95999999999,1819.49
2011-07-01,-5667.35966200517,-114530.075571887,46271.64966463538,-5667.35966200517,-5667.35966200517,-33271.46015950672,-33271.46015950672,-33271.46015950672,-33271.46015950672,-33271.46015950672,-33271.46015950672,0.0,0.0,0.0,-38938.81982151189,Central,23733.360000000004,2098.77
2011-08-01,4126.388632052967,-117348.17062127888,54092.612621724875,4126.388632052967,4126.388632052967,-34144.16767015454,-34144.16767015454,-34144.16767015454,-34144.16767015454,-34144.16767015454,-34144.16767015454,0.0,0.0,0.0,-30017.77903810157,Central,36512.24999999998,1484.5233
2011-09-01,13920.136926111114,-98094.19492337917,80473.62720595767,13920.136926111114,13920.136926111114,-22526.851424853663,-22526.851424853663,-22526.851424853663,-22526.851424853663,-22526.851424853663,-22526.851424853663,0.0,0.0,0.0,-8606.714498742549,Central,32403.230000000003,1365.05
2011-10-01,23397.95788398964,-75126.43675506806,105498.02816474366,23397.95788398964,23397.95788398964,-10791.84461293582,-10791.84461293582,-10791.84461293582,-10791.84461293582,-10791.84461293582,-10791.84461293582,0.0,0.0,0.0,12606.113271053819,Central,31021.069999999996,1816.14
2011-11-01,33191.70623685988,-52208.30309046117,120574.14916965175,33191.70623685988,33191.70623685988,3484.1245765093117,3484.1245765093117,3484.1245765093117,3484.1245765093117,3484.1245765093117,3484.1245765093117,0.0,0.0,0.0,36675.83081336919,Central,30925.090000000004,2263.32
2011-12-01,42669.527258283044,54199.00381353721,233164.3059599138,42669.527258283044,42669.527258283044,100121.89677535203,100121.89677535203,100121.89677535203,100121.89677535203,100121.89677535203,100121.89677535203,0.0,0.0,0.0,142791.42403363506,Central,22943.390000000003,1294.4800000000002
2012-01-01,52463.27566007741,7081.106497921181,182966.4725925592,52463.27566007741,52463.27566007741,44395.32953408279,44395.32953408279,44395.32953408279,44395.32953408279,44395.32953408279,44395.32953408279,0.0,0.0,0.0,96858.60519416019,Central,43278.92999999999,1769.2399999999996
2012-02-01,62257.02429628227,4563.152162737413,173396.83561849917,62257.02429628227,62257.02429628227,22072.191155649864,22072.191155649864,22072.191155649864,22072.191155649864,22072.191155649864,22072.191155649864,0.0,0.0,0.0,84329.21545193213,Central,48721.260000000024,1610.4333
2012-03-01,71419.55860772393,-28214.304849238393,153775.93769295714,71419.55860772393,71419.55860772393,-7696.435664480875,-7696.435664480875,-7696.435664480875,-7696.435664480875,-7696.435664480875,-7696.435664480875,0.0,0.0,0.0,63723.122943243055,Central,34765.780000000006,1811.62
2012-04-01,81215.11503360733,21125.30768955342,191662.92138713485,81215.11503360733,81215.11503360733,25648.5090816917,25648.5090816917,25648.5090816917,25648.5090816917,25648.5090816917,25648.5090816917,0.0,0.0,0.0,106863.62411529903,Central,38256.25999999998,1596.0800000000002
2012-05-01,90695.7551453159,-15328.036840973333,162247.8344179192,90695.7551453159,90695.7551453159,-16358.022334596106,-16358.022334596106,-16358.022334596106,-16358.022334596106,-16358.022334596106,-16358.022334596106,0.0,0.0,0.0,74337.73281071978,Central,27931.510000000006,1890.3100000000002
2012-06-01,100492.60711521092,23188.89542874123,200434.7646690931,100492.60711521092,100492.60711521092,6901.220517532674,6901.220517532674,6901.220517532674,6901.220517532674,6901.220517532674,6901.220517532674,0.0,0.0,0.0,107393.8276327436,Central,33699.79999999999,1515.2500000000002
2012-07-01,109973.60096332394,32958.37340655097,209703.4094949395,109973.60096332394,109973.60096332394,12228.548241645014,12228.548241645014,12228.548241645014,12228.548241645014,12228.548241645014,12228.548241645014,0.0,0.0,0.0,122202.14920496896,Central,26630.75000000001,1279.15
2012-08-01,119770.96591439485,5685.236994188772,178095.9803751965,119770.96591439485,119770.96591439485,-34958.78413422256,-34958.78413422256,-34958.78413422256,-34958.78413422256,-34958.78413422256,-34958.78413422256,0.0,0.0,0.0,84812.1817801723,Central,44565.81000000003,18224.569999999978
2012-09-01,129568.34626823156,-19447.23985453565,155781.85176405337,129568.34626823156,129568.34626823156,-61463.87547138603,-61463.87547138603,-61463.87547138603,-61463.87547138603,-61463.87547138603,-61463.87547138603,0.0,0.0,0.0,68104.47079684553,Central,39767.430000000015,12744.140000000016
2012-10-01,139049.68209452517,23567.057624067696,206811.496164884,139049.68209452517,139049.68209452517,-21080.078112915016,-21080.078112915016,-21080.078112915016,-21080.078112915016,-21080.078112915016,-21080.078112915016,0.0,0.0,0.0,117969.60398161015,Central,124421.52000000002,22045.88000000005
2012-11-01,148849.95433630364,13342.882210984431,190927.18876945987,148849.95433630364,148849.95433630364,-48247.161804569674,-48247.161804569674,-48247.161804569674,-48247.161804569674,-48247.161804569674,-48247.161804569674,0.0,0.0,0.0,100602.79253173395,Central,136531.87,28508.870000000043
2012-12-01,158334.12549517857,205373.5549498359,396722.16015380656,158334.12549517857,158334.12549517857,149418.0566884117,149418.0566884117,149418.0566884117,149418.0566884117,149418.0566884117,149418.0566884117,0.0,0.0,0.0,307752.18218359025,Central,158015.56000000006,24492.849999999984
2013-01-01,168134.67900654965,150352.51037023801,331678.950780852,168134.67900654965,168134.67900654965,73915.77645526326,73915.77645526326,73915.77645526326,73915.77645526326,73915.77645526326,73915.77645526326,0.0,0.0,0.0,242050.4554618129,Central,259461.8800000001,28591.120000000024
2013-02-01,177935.23252832246,181176.78134986726,363766.8735103438,177935.23252832246,177935.23252832246,94621.55317734682,94621.55317734682,94621.55317734682,94621.55317734682,94621.55317734682,94621.55317734682,0.0,0.0,0.0,272556.7857056693,Central,282988.27,17357.520000000004
2013-03-01,186787.3453814776,121091.43188126318,299736.8227330643,186787.3453814776,186787.3453814776,25446.689570198345,25446.689570198345,25446.689570198345,25446.689570198345,25446.689570198345,25446.689570198345,0.0,0.0,0.0,212234.03495167592,Central,243185.7499999999,14897.13
2013-04-01,196587.89898569856,146881.5996495711,314652.3071142929,196587.89898569856,196587.89898569856,34175.257975330125,34175.257975330125,34175.257975330125,34175.257975330125,34175.257975330125,34175.257975330125,0.0,0.0,0.0,230763.1569610287,Central,275273.23,11502.829999999994
2013-05-01,206072.3057302354,104775.44387661597,278234.329908897,206072.3057302354,206072.3057302354,-16309.203687566074,-16309.203687566074,-16309.203687566074,-16309.203687566074,-16309.203687566074,-16309.203687566074,0.0,0.0,0.0,189763.10204266934,Central,165953.22,16008.100000000024
2013-06-01,215872.85936625683,121206.32684526576,302100.9286138548,215872.85936625683,215872.85936625683,-4842.992830614996,-4842.992830614996,-4842.992830614996,-4842.992830614996,-4842.992830614996,-4842.992830614996,0.0,0.0,0.0,211029.86653564184,Central,209215.7600000001,13229.49999999996
2013-07-01,225357.26611079366,134625.39645797943,308991.1241258809,225357.26611079366,225357.26611079366,-3200.3783496744063,-3200.3783496744063,-3200.3783496744063,-3200.3783496744063,-3200.3783496744063,-3200.3783496744063,0.0,0.0,0.0,222156.88776111926,Central,255344.31999999992,60810.87999999933
2013-08-01,235157.81974681508,112573.37368914562,286288.0806681086,235157.81974681508,235157.81974681508,-35240.655524945716,-35240.655524945716,-35240.655524945716,-35240.655524945716,-35240.655524945716,-35240.655524945716,0.0,0.0,0.0,199917.16422186937,Central,174037.83999999985,40637.920000000115
2013-09-01,244958.37338283652,111811.05390895387,281701.53988526855,244958.37338283652,244958.37338283652,-48734.955719086516,-48734.955719086516,-48734.955719086516,-48734.955719086516,-48734.955719086516,-48734.955719086516,0.0,0.0,0.0,196223.41766375,Central,184036.51000000013,31280.56000000008
2013-10-01,254442.7801273734,150306.96358769576,325986.5347816231,254442.7801273734,254442.7801273734,-17623.321783255586,-17623.321783255586,-17623.321783255586,-17623.321783255586,-17623.321783255586,-17623.321783255586,0.0,0.0,0.0,236819.45834411783,Central,212580.44999999995,22295.289999999964
2013-11-01,264243.3337633948,149299.4445868879,320791.9945181759,264243.3337633948,264243.3337633948,-30608.741628048476,-30608.741628048476,-30608.741628048476,-30608.741628048476,-30608.741628048476,-30608.741628048476,0.0,0.0,0.0,233634.59213534632,Central,203974.60000000003,20888.549999999956
2013-12-01,273727.7405079316,315329.43278218637,496176.09800200636,273727.7405079316,273727.7405079316,133527.86160964664,133527.86160964664,133527.86160964664,133527.86160964664,133527.86160964664,133527.86160964664,0.0,0.0,0.0,407255.60211757827,Central,676807.3100000004,26880.629999999954
2014-01-01,283528.29414395307,260795.6038548353,436155.613115369,283528.17937941884,283528.44113302,64124.76913436107,64124.76913436107,64124.76913436107,64124.76913436107,64124.76913436107,64124.76913436107,0.0,0.0,0.0,347653.06327831413,,,
2014-02-01,293328.8477799745,278080.5634199174,448166.9355979831,293328.3245124098,293329.37404804304,69813.7768251592,69813.7768251592,69813.7768251592,69813.7768251592,69813.7768251592,69813.7768251592,0.0,0.0,0.0,363142.6246051337,,,
2014-03-01,302180.9607415423,278195.48712226655,455193.2273505325,302180.00595342554,302181.8939680589,58995.0862518994,58995.0862518994,58995.0862518994,58995.0862518994,58995.0862518994,58995.0862518994,0.0,0.0,0.0,361176.0469934417,,,
2014-04-01,311981.5143775636,274602.834238683,442927.9885122115,311979.99421392026,311983.0095531435,42244.067246307364,42244.067246307364,42244.067246307364,42244.067246307364,42244.067246307364,42244.067246307364,0.0,0.0,0.0,354225.581623871,,,
2014-05-01,321465.92112210044,219208.89694148494,395818.2123392813,321463.8046402861,321468.032644139,-16763.808291266,-16763.808291266,-16763.808291266,-16763.808291266,-16763.808291266,-16763.808291266,0.0,0.0,0.0,304702.11283083446,,,
2014-06-01,331266.4747581219,228720.01378975314,406534.95713178406,331263.5084215943,331269.34237582335,-16904.87770993004,-16904.87770993004,-16904.87770993004,-16904.87770993004,-16904.87770993004,-16904.87770993004,0.0,0.0,0.0,314361.5970481918,,,
2014-07-01,340750.88150265877,232901.96528109728,413010.3905820544,340747.22451521765,340754.5605651565,-18374.501016034566,-18374.501016034566,-18374.501016034566,-18374.501016034566,-18374.501016034566,-18374.501016034566,0.0,0.0,0.0,322376.3804866242,,,
2014-08-01,350551.43513868016,232482.44235717782,396277.0432673556,350546.9372757342,350555.8550426703,-34969.449588719086,-34969.449588719086,-34969.449588719086,-34969.449588719086,-34969.449588719086,-34969.449588719086,0.0,0.0,0.0,315581.9855499611,,,
2014-09-01,360351.9887747016,239800.37132853133,412337.07930423383,360346.59388887463,360357.32201751723,-35750.18033433694,-35750.18033433694,-35750.18033433694,-35750.18033433694,-35750.18033433694,-35750.18033433694,0.0,0.0,0.0,324601.80844036466,,,
2014-10-01,369836.39551923843,266583.8493048139,447966.6680818819,369830.0189177422,369842.6229681576,-14189.245518634672,-14189.245518634672,-14189.245518634672,-14189.245518634672,-14189.245518634672,-14189.245518634672,0.0,0.0,0.0,355647.15000060375,,,
2014-11-01,379636.9491552599,277216.2322184333,448512.0548326121,379629.2257140421,379644.161720419,-13358.651690529108,-13358.651690529108,-13358.651690529108,-13358.651690529108,-13358.651690529108,-13358.651690529108,0.0,0.0,0.0,366278.29746473074,,,
2014-12-01,389121.3558997967,417586.57202082,591946.8225258153,389112.5457912284,389129.6118976141,117089.46348217476,117089.46348217476,117089.46348217476,117089.46348217476,117089.46348217476,117089.46348217476,0.0,0.0,0.0,506210.8193819715,,,
2011-01-01,-145812.09768817053,-172235.26154138907,139177.56011548766,-145812.09768817053,-145812.09768817053,130150.5582139413,130150.5582139413,130150.5582139413,130150.5582139413,130150.5582139413,130150.5582139413,0.0,0.0,0.0,-15661.539474229226,Giant Food,0.0,639.5299999999999
2011-02-01,-128314.78665523048,-201138.28256963546,115544.15298782414,-128314.78665523048,-128314.78665523048,85991.64970681038,85991.64970681038,85991.64970681038,85991.64970681038,85991.64970681038,85991.64970681038,0.0,0.0,0.0,-42323.1369484201,Giant Food,0.0,851.7400000000001
2011-03-01,-112510.76378021667,-76791.27143069846,249760.69512914703,-112510.76378021667,-112510.76378021667,193627.24593754497,193627.24593754497,193627.24593754497,193627.24593754497,193627.24593754497,193627.24593754497,0.0,0.0,0.0,81116.4821573283,Giant Food,0.0,636.74
2011-04-01,-95013.45272877242,-193384.97699858886,118367.11728135368,-95013.45272877242,-95013.45272877242,63271.84502416446,63271.84502416446,63271.84502416446,63271.84502416446,63271.84502416446,63271.84502416446,0.0,0.0,0.0,-31741.60770460796,Giant Food,0.0,717.9499999999999
2011-05-01,-78080.57105886712,-286917.15460152616,51090.9711511437,-78080.57105886712,-78080.57105886712,-41606.88657988438,-41606.88657988438,-41606.88657988438,-41606.88657988438,-41606.88657988438,-41606.88657988438,0.0,0.0,0.0,-119687.45763875151,Giant Food,0.0,835.9700000000001
2011-06-01,-60583.25999981483,-319026.8433221545,2799.865350736553,-60583.25999981483,-60583.25999981483,-97709.28738797616,-97709.28738797616,-97709.28738797616,-97709.28738797616,-97709.28738797616,-97709.28738797616,0.0,0.0,0.0,-158292.54738779098,Giant Food,0.0,631.9599999999999
2011-07-01,-43650.37832463843,-281302.5339646962,40392.021612952856,-43650.37832463843,-43650.37832463843,-77766.4875292447,-77766.4875292447,-77766.4875292447,-77766.4875292447,-77766.4875292447,-77766.4875292447,0.0,0.0,0.0,-121416.86585388312,Giant Food,0.0,595.0000000000002
2011-08-01,-26153.067271307296,-208591.2677905728,113103.07539295213,-26153.067271307296,-26153.067271307296,-12506.451285046847,-12506.451285046847,-12506.451285046847,-12506.451285046847,-12506.451285046847,-12506.451285046847,0.0,0.0,0.0,-38659.518556354145,Giant Food,0.0,342.9100000000001
2011-09-01,-8655.756217976177,-163433.8318210697,168859.2943040926,-8655.756217976177,-8655.756217976177,5567.2942270331905,5567.2942270331905,5567.2942270331905,5567.2942270331905,5567.2942270331905,5567.2942270331905,0.0,0.0,0.0,-3088.4619909429866,Giant Food,0.0,483.88
2011-10-01,8277.12545139147,-110780.8704113568,220677.14958673666,8277.12545139147,8277.12545139147,47130.396456031456,47130.396456031456,47130.396456031456,47130.396456031456,47130.396456031456,47130.396456031456,0.0,0.0,0.0,55407.521907422924,Giant Food,0.0,988.0799999999999
2011-11-01,25774.436524443787,-123637.37940601642,201550.6924789885,25774.436524443787,25774.436524443787,14639.406155727173,14639.406155727173,14639.406155727173,14639.406155727173,14639.406155727173,14639.406155727173,0.0,0.0,0.0,40413.84268017096,Giant Food,0.0,850.5600000000002
2011-12-01,42707.318216493346,-91392.72697174479,240651.93264476728,42707.318216493346,42707.318216493346,41434.950071920546,41434.950071920546,41434.950071920546,41434.950071920546,41434.950071920546,41434.950071920546,0.0,0.0,0.0,84142.26828841389,Giant Food,0.0,745.1600000000002
2012-01-01,60204.62928769522,-6217.044842774811,305721.9113685755,60204.62928769522,60204.62928769522,93158.3001965878,93158.3001965878,93158.3001965878,93158.3001965878,93158.3001965878,93158.3001965878,0.0,0.0,0.0,153362.92948428303,Giant Food,0.0,1373.02
2012-02-01,77701.94036156073,-26341.40697695106,292064.4335361415,77701.94036156073,77701.94036156073,58249.48961594208,58249.48961594208,58249.48961594208,58249.48961594208,58249.48961594208,58249.48961594208,0.0,0.0,0.0,135951.42997750282,Giant Food,0.0,631.25
2012-03-01,94070.39264570094,-77486.41717334202,249632.29392805728,94070.39264570094,94070.39264570094,-6883.505144050081,-6883.505144050081,-6883.505144050081,-6883.505144050081,-6883.505144050081,-6883.505144050081,0.0,0.0,0.0,87186.88750165085,Giant Food,0.0,754.2800000000001
2012-04-01,111567.70370508898,-29754.988212745677,287623.3175925783,111567.70370508898,111567.70370508898,17615.684527169236,17615.684527169236,17615.684527169236,17615.684527169236,17615.684527169236,17615.684527169236,0.0,0.0,0.0,129183.3882322582,Giant Food,0.0,464.66000000000014
2012-05-01,128500.58537522443,-32706.787028630264,288368.12490677484,128500.58537522443,128500.58537522443,4440.739787447889,4440.739787447889,4440.739787447889,4440.739787447889,4440.739787447889,4440.739787447889,0.0,0.0,0.0,132941.32516267232,Giant Food,0.0,699.2299999999999
2012-06-01,145997.89644733391,-28243.8396065017,295737.8972737664,145997.89644733391,145997.89644733391,-16284.624446059446,-16284.624446059446,-16284.624446059446,-16284.624446059446,-16284.624446059446,-16284.624446059446,0.0,0.0,0.0,129713.27200127447,Giant Food,0.0,517.4199999999998
2012-07-01,162930.77812281603,-14623.674347934204,314037.4861448154,162930.77812281603,162930.77812281603,-4804.886878152535,-4804.886878152535,-4804.886878152535,-4804.886878152535,-4804.886878152535,-4804.886878152535,0.0,0.0,0.0,158125.8912446635,Giant Food,0.0,517.1899999999999
2012-08-01,180428.08918226254,20300.748272545527,337226.0673017311,180428.08918226254,180428.08918226254,-6773.16512073345,-6773.16512073345,-6773.16512073345,-6773.16512073345,-6773.16512073345,-6773.16512073345,0.0,0.0,0.0,173654.9240615291,Giant Food,0.0,17712.30000000001
2012-09-01,197925.4002457281,-109039.61969434822,221103.68955426716,197925.4002457281,197925.4002457281,-145986.41117529687,-145986.41117529687,-145986.41117529687,-145986.41117529687,-145986.41117529687,-145986.41117529687,0.0,0.0,0.0,51938.98907043121,Giant Food,0.0,14459.879999999981
2012-10-01,214858.28192004963,79811.8428524061,404940.8976687186,214858.28192004963,214858.28192004963,22048.97736718824,22048.97736718824,22048.97736718824,22048.97736718824,22048.97736718824,22048.97736718824,0.0,0.0,0.0,236907.25928723786,Giant Food,288927.8400000004,24471.550000000097
2012-11-01,232355.59297383067,112874.48526335176,432455.08327507065,232355.59297383067,232355.59297383067,51771.77621925471,51771.77621925471,51771.77621925471,51771.77621925471,51771.77621925471,51771.77621925471,0.0,0.0,0.0,284127.36919308535,Giant Food,558500.2099999996,26885.320000000003
2012-12-01,249288.47464741545,129098.25326781678,444971.7902740809,249288.47464741545,249288.47464741545,44930.56520949582,44930.56520949582,44930.56520949582,44930.56520949582,44930.56520949582,44930.56520949582,0.0,0.0,0.0,294219.0398569113,Giant Food,580183.1799999996,26135.410000000044
2013-01-01,266785.7857142182,321876.4587186124,631177.6216059315,266785.7857142182,266785.7857142182,204000.1490215379,204000.1490215379,204000.1490215379,204000.1490215379,204000.1490215379,204000.1490215379,0.0,0.0,0.0,470785.93473575613,Giant Food,607907.2899999998,28420.859999999997
2013-02-01,284283.09677199734,269807.5481868897,587611.6786070929,284283.09677199734,284283.09677199734,145907.8975695707,145907.8975695707,145907.8975695707,145907.8975695707,145907.8975695707,145907.8975695707,0.0,0.0,0.0,430190.99434156803,Giant Food,522769.6400000002,19671.49
2013-03-01,300087.1196581433,202067.3671224431,525017.4970990631,300087.1196581433,300087.1196581433,59518.86343528132,59518.86343528132,59518.86343528132,59518.86343528132,59518.86343528132,59518.86343528132,0.0,0.0,0.0,359605.98309342464,Giant Food,525344.0200000001,14247.450000000032
2013-04-01,317584.43069902883,194087.54361150306,524611.8547562641,317584.43069902883,317584.43069902883,34060.271414763774,34060.271414763774,34060.271414763774,34060.271414763774,34060.271414763774,34060.271414763774,0.0,0.0,0.0,351644.7021137926,Giant Food,447061.5800000002,12866.670000000006
2013-05-01,334517.3123527416,175554.76802342813,483136.03483071143,334517.3123527416,334517.3123527416,-9883.048351144807,-9883.048351144807,-9883.048351144807,-9883.048351144807,-9883.048351144807,-9883.048351144807,0.0,0.0,0.0,324634.2640015968,Giant Food,337035.61999999994,13265.169999999971
2013-06-01,352014.62339491164,143955.0575394914,480285.2311387234,352014.62339491164,352014.62339491164,-43150.63250495165,-43150.63250495165,-43150.63250495165,-43150.63250495165,-43150.63250495165,-43150.63250495165,0.0,0.0,0.0,308863.99088995997,Giant Food,279923.7,16341.679999999813
2013-07-01,368947.5050486244,186684.47351150698,499251.7535934357,368947.5050486244,368947.5050486244,-29861.314526646718,-29861.314526646718,-29861.314526646718,-29861.314526646718,-29861.314526646718,-29861.314526646718,0.0,0.0,0.0,339086.1905219777,Giant Food,376955.2599999997,17024.19999999992
2013-08-01,386444.8160907943,209611.10006711414,544402.5113359602,386444.8160907943,386444.8160907943,-10026.066552571538,-10026.066552571538,-10026.066552571538,-10026.066552571538,-10026.066552571538,-10026.066552571538,0.0,0.0,0.0,376418.74953822274,Giant Food,512864.16000000015,36441.30000000007
2013-09-01,403942.1271329642,145120.14160055912,475363.9748504485,403942.1271329642,403942.1271329642,-95859.67243274298,-95859.67243274298,-95859.67243274298,-95859.67243274298,-95859.67243274298,-95859.67243274298,0.0,0.0,0.0,308082.4547002212,Giant Food,358773.07999999984,25367.089999999964
2013-10-01,420875.0087866771,300616.0648935972,607636.0151117924,420875.0087866771,420875.0087866771,31394.289979182868,31394.289979182868,31394.289979182868,31394.289979182868,31394.289979182868,31394.289979182868,0.0,0.0,0.0,452269.29876586,Giant Food,457299.20000000024,18656.316699999934
2013-11-01,438372.31982884713,315325.07675581233,635987.4135974358,438372.31982884713,438372.31982884713,40033.604092073525,40033.604092073525,40033.604092073525,40033.604092073525,40033.604092073525,40033.604092073525,0.0,0.0,0.0,478405.92392092064,Giant Food,245984.59000000014,13895.689999999939
2013-12-01,455305.2014825599,339676.48327581433,655672.3360255475,455305.2014825599,455305.2014825599,44261.53191371219,44261.53191371219,44261.53191371219,44261.53191371219,44261.53191371219,44261.53191371219,0.0,0.0,0.0,499566.7333962721,Giant Food,297842.5699999998,25070.070000000003
2014-01-01,472802.51252472994,471142.06918438245,798296.5132484647,472802.5124342973,472802.51261502365,167115.6719137701,167115.6719137701,167115.6719137701,167115.6719137701,167115.6719137701,167115.6719137701,0.0,0.0,0.0,639918.1844385001,,,
2014-02-01,490299.8235668998,452706.51131028763,766143.029477746,490299.82318417187,490299.8239219,115221.99028380297,115221.99028380297,115221.99028380297,115221.99028380297,115221.99028380297,115221.99028380297,0.0,0.0,0.0,605521.8138507027,,,
2014-03-01,506103.8464436985,470894.6871407833,777893.9313306276,506103.8457622404,506103.84711349907,126383.1840057615,126383.1840057615,126383.1840057615,126383.1840057615,126383.1840057615,126383.1840057615,0.0,0.0,0.0,632487.03044946,,,
2014-04-01,523601.1574858684,402793.741808369,733192.5642860582,523601.1563249268,523601.15862182673,49290.67090073099,49290.67090073099,49290.67090073099,49290.67090073099,49290.67090073099,49290.67090073099,0.0,0.0,0.0,572891.8283865993,,,
2014-05-01,540534.0391395811,351391.0088461666,662113.6928490514,540534.0375234825,540534.040754462,-25240.18902155456,-25240.18902155456,-25240.18902155456,-25240.18902155456,-25240.18902155456,-25240.18902155456,0.0,0.0,0.0,515293.8501180266,,,
2014-06-01,558031.3501817512,336170.3559152024,651214.369921318,558031.3479918739,558031.352343854,-70307.65400234335,-70307.65400234335,-70307.65400234335,-70307.65400234335,-70307.65400234335,-70307.65400234335,0.0,0.0,0.0,487723.6961794078,,,
2014-07-01,574964.231835464,364678.15238871716,677969.24914949,574964.2290655407,574964.2344349659,-54194.313341385896,-54194.313341385896,-54194.313341385896,-54194.313341385896,-54194.313341385896,-54194.313341385896,0.0,0.0,0.0,520769.9184940781,,,
2014-08-01,592461.5428776338,423313.0741344371,747800.7022705734,592461.5395528075,592461.5459891818,-11935.359933784446,-11935.359933784446,-11935.359933784446,-11935.359933784446,-11935.359933784446,-11935.359933784446,0.0,0.0,0.0,580526.1829438494,,,
2014-09-01,609958.8539198037,410829.40577152424,714352.5769578317,609958.8498517451,609958.857726719,-45320.45376448795,-45320.45376448795,-45320.45376448795,-45320.45376448795,-45320.45376448795,-45320.45376448795,0.0,0.0,0.0,564638.4001553158,,,
2014-10-01,626891.7355735167,514304.91733805276,833387.6575004184,626891.7307785924,626891.739906099,39762.40617966017,39762.40617966017,39762.40617966017,39762.40617966017,39762.40617966017,39762.40617966017,0.0,0.0,0.0,666654.1417531768,,,
2014-11-01,644389.0466156866,503342.2286310554,835166.654578901,644389.0411230504,644389.0517830931,27652.359942717398,27652.359942717398,27652.359942717398,27652.359942717398,27652.359942717398,27652.359942717398,0.0,0.0,0.0,672041.406558404,,,
2014-12-01,661321.9282693994,544601.5999539688,872344.2747605008,661321.9220713048,661321.9342694945,43090.12543880156,43090.12543880156,43090.12543880156,43090.12543880156,43090.12543880156,43090.12543880156,0.0,0.0,0.0,704412.053708201,,,
2011-01-01,-96691.43375637123,-92226.00847231911,45437.72267152303,-96691.43375637123,-96691.43375637123,73480.39198775918,73480.39198775918,73480.39198775918,73480.39198775918,73480.39198775918,73480.39198775918,0.0,0.0,0.0,-23211.04176861205,Giant Martins,0.0,0.38
2011-02-01,-85384.50960766742,-135191.94607069477,980.1777041951531,-85384.50960766742,-85384.50960766742,16821.96886928643,16821.96886928643,16821.96886928643,16821.96886928643,16821.96886928643,16821.96886928643,0.0,0.0,0.0,-68562.540738381,Giant Martins,0.0,84.55
2011-03-01,-75171.80393509069,-57174.36285089704,82615.13402246159,-75171.80393509069,-75171.80393509069,86289.74078376914,86289.74078376914,86289.74078376914,86289.74078376914,86289.74078376914,86289.74078376914,0.0,0.0,0.0,11117.936848678451,Giant Martins,0.0,56.46000000000001
2011-04-01,-63864.879787401216,-105355.33920869454,31836.866096515707,-63864.879787401216,-63864.879787401216,26559.63021941035,26559.63021941035,26559.63021941035,26559.63021941035,26559.63021941035,26559.63021941035,0.0,0.0,0.0,-37305.24956799087,Giant Martins,0.0,220.89999999999998
2011-05-01,-52922.69512353936,-137537.79843522536,3581.1642100373033,-52922.69512353936,-52922.69512353936,-13583.27477466875,-13583.27477466875,-13583.27477466875,-13583.27477466875,-13583.27477466875,-13583.27477466875,0.0,0.0,0.0,-66505.9698982081,Giant Martins,0.0,238.55000000000007
2011-06-01,-41615.77095318591,-156335.5805676992,-14467.093948195208,-41615.77095318591,-41615.77095318591,-40562.339604944566,-40562.339604944566,-40562.339604944566,-40562.339604944566,-40562.339604944566,-40562.339604944566,0.0,0.0,0.0,-82178.11055813047,Giant Martins,0.0,143.41000000000003
2011-07-01,-30673.586257205017,-118282.78147134677,15842.903557978636,-30673.586257205017,-30673.586257205017,-22315.842717313593,-22315.842717313593,-22315.842717313593,-22315.842717313593,-22315.842717313593,-22315.842717313593,0.0,0.0,0.0,-52989.42897451861,Giant Martins,0.0,1131.1299999999997
2011-08-01,-19366.662060451043,-117284.22523909749,22344.769256426498,-19366.662060451043,-19366.662060451043,-25944.15124258165,-25944.15124258165,-25944.15124258165,-25944.15124258165,-25944.15124258165,-25944.15124258165,0.0,0.0,0.0,-45310.81330303269,Giant Martins,0.0,174.92999999999998
2011-09-01,-8059.73786369707,-88939.9626750784,52985.17086553908,-8059.73786369707,-8059.73786369707,-7335.381903686842,-7335.381903686842,-7335.381903686842,-7335.381903686842,-7335.381903686842,-7335.381903686842,0.0,0.0,0.0,-15395.119767383912,Giant Martins,0.0,196.74000000000004
2011-10-01,2882.4468349452723,-63167.64705714464,76879.72513762066,2882.4468349452723,2882.4468349452723,5964.632579961575,5964.632579961575,5964.632579961575,5964.632579961575,5964.632579961575,5964.632579961575,0.0,0.0,0.0,8847.079414906848,Giant Martins,0.0,405.53
2011-11-01,14189.3710285365,-52699.493690491705,86288.71083862071,14189.3710285365,14189.3710285365,3962.1292953603247,3962.1292953603247,3962.1292953603247,3962.1292953603247,3962.1292953603247,3962.1292953603247,0.0,0.0,0.0,18151.500323896824,Giant Martins,0.0,377.04
2011-12-01,25131.55584854299,-3643.639761402676,147110.66051531708,25131.55584854299,25131.55584854299,43282.01463624965,43282.01463624965,43282.01463624965,43282.01463624965,43282.01463624965,43282.01463624965,0.0,0.0,0.0,68413.57048479264,Giant Martins,0.0,215.4
2012-01-01,36438.4801834791,-15112.243269253597,130379.67069360736,36438.4801834791,36438.4801834791,22796.347926248458,22796.347926248458,22796.347926248458,22796.347926248458,22796.347926248458,22796.347926248458,0.0,0.0,0.0,59234.82810972756,Giant Martins,0.0,480.1899999999998
2012-02-01,47745.404525874736,3482.9513516991597,140719.93124889155,47745.404525874736,47745.404525874736,21398.258711422208,21398.258711422208,21398.258711422208,21398.258711422208,21398.258711422208,21398.258711422208,0.0,0.0,0.0,69143.66323729695,Giant Martins,0.0,673.4500000000002
2012-03-01,58322.850214231614,-7352.904257162783,129249.73258140628,58322.850214231614,58322.850214231614,4622.405313492754,4622.405313492754,4622.405313492754,4622.405313492754,4622.405313492754,4622.405313492754,0.0,0.0,0.0,62945.25552772437,Giant Martins,0.0,488.21
2012-04-01,69629.78162761408,872.4129840053919,149124.9026251616,69629.78162761408,69629.78162761408,5825.810051395555,5825.810051395555,5825.810051395555,5825.810051395555,5825.810051395555,5825.810051395555,0.0,0.0,0.0,75455.59167900964,Giant Martins,0.0,236.00999999999996
2012-05-01,80572.27163972189,19895.359243708586,160664.52584243641,80572.27163972189,80572.27163972189,10224.75952623511,10224.75952623511,10224.75952623511,10224.75952623511,10224.75952623511,10224.75952623511,0.0,0.0,0.0,90797.031165957,Giant Martins,0.0,231.61
2012-06-01,91879.52230541424,16878.51312998894,161427.11178568634,91879.52230541424,91879.52230541424,-5078.399238506163,-5078.399238506163,-5078.399238506163,-5078.399238506163,-5078.399238506163,-5078.399238506163,0.0,0.0,0.0,86801.12306690808,Giant Martins,0.0,642.1099999999999
2012-07-01,102822.23275156625,50652.578375554425,186571.2075725892,102822.23275156625,102822.23275156625,18054.071135110065,18054.071135110065,18054.071135110065,18054.071135110065,18054.071135110065,18054.071135110065,0.0,0.0,0.0,120876.30388667631,Giant Martins,0.0,663.5200000000002
2012-08-01,114129.70157316349,-7001.034397879848,133243.7896000603,114129.70157316349,114129.70157316349,-49690.102134958404,-49690.102134958404,-49690.102134958404,-49690.102134958404,-49690.102134958404,-49690.102134958404,0.0,0.0,0.0,64439.599438205085,Giant Martins,0.0,29541.21999999996
2012-09-01,125437.1707979429,-6463.968718931124,136468.19213729203,125437.1707979429,125437.1707979429,-60318.04664464807,-60318.04664464807,-60318.04664464807,-60318.04664464807,-60318.04664464807,-60318.04664464807,0.0,0.0,0.0,65119.12415329483,Giant Martins,28183.309999999998,20849.86999999997
2012-10-01,136379.88295095522,89605.7096014576,223240.10492732163,136379.88295095522,136379.88295095522,22765.634305306095,22765.634305306095,22765.634305306095,22765.634305306095,22765.634305306095,22765.634305306095,0.0,0.0,0.0,159145.51725626132,Giant Martins,170347.85999999987,36279.719999999856
2012-11-01,147687.3521899533,72855.07781009482,216387.17588221538,147687.3521899533,147687.3521899533,1560.906667276431,1560.906667276431,1560.906667276431,1560.906667276431,1560.906667276431,1560.906667276431,0.0,0.0,0.0,149248.25885722972,Giant Martins,223796.68,45855.16000000017
2012-12-01,158630.06437083325,66153.1674568771,211563.20017644126,158630.06437083325,158630.06437083325,-16385.890729936185,-16385.890729936185,-16385.890729936185,-16385.890729936185,-16385.890729936185,-16385.890729936185,0.0,0.0,0.0,142244.17364089706,Giant Martins,153103.30000000005,40938.930000000044
2013-01-01,169937.53364567464,271395.33447517204,414685.81166940695,169937.53364567464,169937.53364567464,174500.74720228137,174500.74720228137,174500.74720228137,174500.74720228137,174500.74720228137,174500.74720228137,0.0,0.0,0.0,344438.280847956,Giant Martins,380235.0200000003,43725.04329999985
2013-02-01,181245.00292388862,124884.94952933259,261560.1278567428,181245.00292388862,181245.00292388862,10787.094723753764,10787.094723753764,10787.094723753764,10787.094723753764,10787.094723753764,10787.094723753764,0.0,0.0,0.0,192032.0976476424,Giant Martins,191998.50999999998,28790.98999999999
2013-03-01,191458.20099966583,157961.00839518855,297323.3811404861,191458.20099966583,191458.20099966583,31789.955752525006,31789.955752525006,31789.955752525006,31789.955752525006,31789.955752525006,31789.955752525006,0.0,0.0,0.0,223248.15675219084,Giant Martins,296419.77999999997,24517.650000000052
2013-04-01,202765.6702982077,147423.44274305087,284565.2599726365,202765.6702982077,202765.6702982077,13303.944286797752,13303.944286797752,13303.944286797752,13303.944286797752,13303.944286797752,13303.944286797752,0.0,0.0,0.0,216069.61458500545,Giant Martins,253425.48000000013,22080.879999999906
2013-05-01,213708.38251618118,146138.2353632564,285144.1191999586,213708.38251618118,213708.38251618118,2752.4499754884537,2752.4499754884537,2752.4499754884537,2752.4499754884537,2752.4499754884537,2752.4499754884537,0.0,0.0,0.0,216460.83249166963,Giant Martins,240548.87,19510.303300000192
2013-06-01,225015.8518080872,141302.19660134564,273260.55555051693,225015.8518080872,225015.8518080872,-16787.76319719477,-16787.76319719477,-16787.76319719477,-16787.76319719477,-16787.76319719477,-16787.76319719477,0.0,0.0,0.0,208228.08861089242,Giant Martins,212801.36000000007,19069.759999999842
2013-07-01,235958.56402606078,170357.06659271521,310446.1676372258,235958.56402606078,235958.56402606078,4192.206024683656,4192.206024683656,4192.206024683656,4192.206024683656,4192.206024683656,4192.206024683656,0.0,0.0,0.0,240150.77005074444,Giant Martins,308712.40000000026,61908.039999999004
2013-08-01,247266.03331796674,136430.64295472513,276267.23891543504,247266.03331796674,247266.03331796674,-42326.78364285883,-42326.78364285883,-42326.78364285883,-42326.78364285883,-42326.78364285883,-42326.78364285883,0.0,0.0,0.0,204939.24967510792,Giant Martins,224870.68999999997,60908.64000000001
2013-09-01,258573.50260987275,146615.04749176797,288283.4378346535,258573.50260987275,258573.50260987275,-42627.465979687244,-42627.465979687244,-42627.465979687244,-42627.465979687244,-42627.465979687244,-42627.465979687244,0.0,0.0,0.0,215946.0366301855,Giant Martins,238397.6099999999,43333.46000000007
2013-10-01,269516.2148278463,212046.94478983773,356436.4323136271,269516.2148278463,269516.2148278463,17418.082590401154,17418.082590401154,17418.082590401154,17418.082590401154,17418.082590401154,17418.082590401154,0.0,0.0,0.0,286934.2974182475,Giant Martins,285495.6399999999,38523.33000000025
2013-11-01,280823.6841197524,210684.7136751425,352834.60503319453,280823.6841197524,280823.6841197524,2323.9167222267265,2323.9167222267265,2323.9167222267265,2323.9167222267265,2323.9167222267265,2323.9167222267265,0.0,0.0,0.0,283147.6008419791,Giant Martins,227544.21999999983,33961.270000000055
2013-12-01,291766.3963377259,224532.40653309258,367392.10454541765,291766.3963377259,291766.3963377259,4184.237842552053,4184.237842552053,4184.237842552053,4184.237842552053,4184.237842552053,4184.237842552053,0.0,0.0,0.0,295950.634180278,Giant Martins,353662.60000000015,49168.470000000016
2014-01-01,303073.86562963197,353010.6232494602,494206.86718987115,303073.8520008912,303073.87748971395,124066.23697586023,124066.23697586023,124066.23697586023,124066.23697586023,124066.23697586023,124066.23697586023,0.0,0.0,0.0,427140.1026054922,,,
2014-02-01,314381.33492153796,253037.0835223267,395325.4582435364,314381.2796134903,314381.3767100515,13286.579132062916,13286.579132062916,13286.579132062916,13286.579132062916,13286.579132062916,13286.579132062916,0.0,0.0,0.0,327667.91405360086,,,
2014-03-01,324594.5329916467,309348.6183186539,452989.4332650011,324594.4340800157,324594.61471771955,59024.982204230786,59024.982204230786,59024.982204230786,59024.982204230786,59024.982204230786,59024.982204230786,0.0,0.0,0.0,383619.51519587747,,,
2014-04-01,335902.0022835526,283969.97203207464,422502.6487828784,335901.84417989675,335902.12871695694,20220.308610746477,20220.308610746477,20220.308610746477,20220.308610746477,20220.308610746477,20220.308610746477,0.0,0.0,0.0,356122.31089429907,,,
2014-05-01,346844.71450152615,276617.1257669582,412392.18958146544,346844.49492400436,346844.89728622435,-5187.520652448611,-5187.520652448611,-5187.520652448611,-5187.520652448611,-5187.520652448611,-5187.520652448611,0.0,0.0,0.0,341657.19384907756,,,
2014-06-01,358152.1837934322,258875.10991567932,401050.493147426,358151.8997353825,358152.42172400496,-28622.809567209984,-28622.809567209984,-28622.809567209984,-28622.809567209984,-28622.809567209984,-28622.809567209984,0.0,0.0,0.0,329529.3742262222,,,
2014-07-01,369094.8960114058,291087.8713504616,430720.7339255359,369094.5398996935,369095.2005519296,-9270.26011792017,-9270.26011792017,-9270.26011792017,-9270.26011792017,-9270.26011792017,-9270.26011792017,0.0,0.0,0.0,359824.6358934856,,,
2014-08-01,380402.36530331173,278522.6218778749,416088.2898985938,380401.9186911939,380402.7450923248,-34408.10445478118,-34408.10445478118,-34408.10445478118,-34408.10445478118,-34408.10445478118,-34408.10445478118,0.0,0.0,0.0,345994.26084853057,,,
2014-09-01,391709.8345952177,300509.8311254416,441249.40907011996,391709.291673492,391710.28902476694,-24958.96741139443,-24958.96741139443,-24958.96741139443,-24958.96741139443,-24958.96741139443,-24958.96741139443,0.0,0.0,0.0,366750.8671838233,,,
2014-10-01,402652.5468131913,343917.5880144094,485968.63503327465,402651.89476130105,402653.08078722435,11817.858381121372,11817.858381121372,11817.858381121372,11817.858381121372,11817.858381121372,11817.858381121372,0.0,0.0,0.0,414470.4051943127,,,
2014-11-01,413960.0161050973,340527.07125583244,480367.8659162833,413959.2700654402,413960.6425617049,3125.902983859469,3125.902983859469,3125.902983859469,3125.902983859469,3125.902983859469,3125.902983859469,0.0,0.0,0.0,417085.9190889568,,,
2014-12-01,424902.7283230709,373551.87270843756,517423.36220233486,424901.88699927524,424903.4475878024,24076.303242155467,24076.303242155467,24076.303242155467,24076.303242155467,24076.303242155467,24076.303242155467,0.0,0.0,0.0,448979.0315652264,,,
2011-01-01,-45910.852495169245,-76560.42142895298,89655.35058144256,-45910.852495169245,-45910.852495169245,47440.31351379721,47440.31351379721,47440.31351379721,47440.31351379721,47440.31351379721,47440.31351379721,0.0,0.0,0.0,1529.4610186279679,North,28213.940000000017,2245.1899999999996
2011-02-01,-36805.23136839964,-76350.2258037302,82690.88920653882,-36805.23136839964,-36805.23136839964,36781.282441643525,36781.282441643525,36781.282441643525,36781.282441643525,36781.282441643525,36781.282441643525,0.0,0.0,0.0,-23.948926756114815,North,35375.04999999999,2139.5933000000005
2011-03-01,-28580.799391051736,-69232.51450204234,91186.76771901753,-28580.799391051736,-28580.799391051736,38533.44930341561,38533.44930341561,38533.44930341561,38533.44930341561,38533.44930341561,38533.44930341561,0.0,0.0,0.0,9952.649912363875,North,39923.32,2280.17
2011-04-01,-19475.178267540963,-95063.40948380272,64245.18552793969,-19475.178267540963,-19475.178267540963,3049.921003536509,3049.921003536509,3049.921003536509,3049.921003536509,3049.921003536509,3049.921003536509,0.0,0.0,0.0,-16425.257264004453,North,42927.820000000014,1896.0901
2011-05-01,-10663.28684571298,-110467.25927021197,51541.923244408004,-10663.28684571298,-10663.28684571298,-16552.68760339853,-16552.68760339853,-16552.68760339853,-16552.68760339853,-16552.68760339853,-16552.68760339853,0.0,0.0,0.0,-27215.974449111513,North,41847.590000000004,2213.21
2011-06-01,-1557.665711074628,-124380.14468539513,31309.173420006282,-1557.665711074628,-1557.665711074628,-40977.53645250503,-40977.53645250503,-40977.53645250503,-40977.53645250503,-40977.53645250503,-40977.53645250503,0.0,0.0,0.0,-42535.20216357966,North,40963.16000000001,2237.2799999999997
2011-07-01,7254.225701732065,-72098.80944086258,85370.98938422799,7254.225701732065,7254.225701732065,-1451.4520655905485,-1451.4520655905485,-1451.4520655905485,-1451.4520655905485,-1451.4520655905485,-1451.4520655905485,0.0,0.0,0.0,5802.773636141517,North,39905.02,1827.05
2011-08-01,16359.846823690716,-66108.80835052191,100418.36711100445,16359.846823690716,16359.846823690716,1500.1321363725312,1500.1321363725312,1500.1321363725312,1500.1321363725312,1500.1321363725312,1500.1321363725312,0.0,0.0,0.0,17859.978960063247,North,42226.040000000015,2191.3599999999997
2011-09-01,25465.467945649358,-22011.391161714855,147039.68529739222,25465.467945649358,25465.467945649358,34977.24739144118,34977.24739144118,34977.24739144118,34977.24739144118,34977.24739144118,34977.24739144118,0.0,0.0,0.0,60442.71533709054,North,39700.610000000015,1884.2299999999996
2011-10-01,34277.3593488448,-39197.96559259878,125071.67031853051,34277.3593488448,34277.3593488448,8301.22940249683,8301.22940249683,8301.22940249683,8301.22940249683,8301.22940249683,8301.22940249683,0.0,0.0,0.0,42578.58875134163,North,32458.070000000007,2098.8532999999998
2011-11-01,43382.98046381565,-30911.96219395282,133340.3881192124,43382.98046381565,43382.98046381565,9523.960606591878,9523.960606591878,9523.960606591878,9523.960606591878,9523.960606591878,9523.960606591878,0.0,0.0,0.0,52906.94107040753,North,26086.649999999998,2314.5967000000005
2011-12-01,52194.87186001414,70279.3597874674,223850.85891643135,52194.87186001414,52194.87186001414,94695.19823565701,94695.19823565701,94695.19823565701,94695.19823565701,94695.19823565701,94695.19823565701,0.0,0.0,0.0,146890.07009567114,North,24576.73999999999,2051.8500000000004
2012-01-01,61300.49297200144,23753.335324503685,191369.84059743647,61300.49297200144,61300.49297200144,47303.0125006326,47303.0125006326,47303.0125006326,47303.0125006326,47303.0125006326,47303.0125006326,0.0,0.0,0.0,108603.50547263405,North,47355.85,2480.45
2012-02-01,70406.11410586193,-6798.948651504904,162428.43672759106,70406.11410586193,70406.11410586193,6117.049680991991,6117.049680991991,6117.049680991991,6117.049680991991,6117.049680991991,6117.049680991991,0.0,0.0,0.0,76523.16378685391,North,31880.560000000005,2187.25
2012-03-01,78924.27583144317,-46406.61546119539,119619.70762460447,78924.27583144317,78924.27583144317,-40866.22756778894,-40866.22756778894,-40866.22756778894,-40866.22756778894,-40866.22756778894,-40866.22756778894,0.0,0.0,0.0,38058.04826365423,North,51638.800000000025,2538.8732999999997
2012-04-01,88030.03961514884,-19034.917365171746,142632.15929366247,88030.03961514884,88030.03961514884,-21392.906682857774,-21392.906682857774,-21392.906682857774,-21392.906682857774,-21392.906682857774,-21392.906682857774,0.0,0.0,0.0,66637.13293229106,North,42693.39,2136.5399999999995
2012-05-01,96844.08207793608,22658.40018462482,186398.6909224784,96844.08207793608,96844.08207793608,4248.342198579313,4248.342198579313,4248.342198579313,4248.342198579313,4248.342198579313,4248.342198579313,0.0,0.0,0.0,101092.42427651539,North,37893.689999999995,2052.129999999999
2012-06-01,105955.53866638515,-3812.5913698969043,162037.49876850596,105955.53866638515,105955.53866638515,-25644.908651981776,-25644.908651981776,-25644.908651981776,-25644.908651981776,-25644.908651981776,-25644.908651981776,0.0,0.0,0.0,80310.63001440337,North,34975.110000000015,1985.7299999999998
2012-07-01,114773.07775941768,62538.90481094621,232104.10781305513,114773.07775941768,114773.07775941768,34109.10519259278,34109.10519259278,34109.10519259278,34109.10519259278,34109.10519259278,34109.10519259278,0.0,0.0,0.0,148882.18295201045,North,41414.78,1893.2
2012-08-01,123884.53481880586,25796.023552969855,184634.1134213168,123884.53481880586,123884.53481880586,-21671.670878155255,-21671.670878155255,-21671.670878155255,-21671.670878155255,-21671.670878155255,-21671.670878155255,0.0,0.0,0.0,102212.8639406506,North,51216.89,19341.299999999937
2012-09-01,132998.60086633146,38446.1609880862,200205.62884231276,132998.60086633146,132998.60086633146,-12277.46240361094,-12277.46240361094,-12277.46240361094,-12277.46240361094,-12277.46240361094,-12277.46240361094,0.0,0.0,0.0,120721.13846272051,North,66948.67999999998,14344.109999999997
2012-10-01,141818.66478329175,97999.77965634517,265733.24270656565,141818.66478329175,141818.66478329175,41621.1386227084,41621.1386227084,41621.1386227084,41621.1386227084,41621.1386227084,41621.1386227084,0.0,0.0,0.0,183439.80340600014,North,240046.89,23740.2067
2012-11-01,150932.73083412123,101766.81509658176,262226.6522714117,150932.73083412123,150932.73083412123,29132.738837853627,29132.738837853627,29132.738837853627,29132.738837853627,29132.738837853627,29132.738837853627,0.0,0.0,0.0,180065.46967197486,North,273664.8500000001,28317.819999999967
2012-12-01,159752.794769108,125447.28536775238,304549.76977606566,159752.794769108,159752.794769108,51151.88574400051,51151.88574400051,51151.88574400051,51151.88574400051,51151.88574400051,51151.88574400051,0.0,0.0,0.0,210904.6805131085,North,132100.91000000003,22286.04999999997
2013-01-01,168866.8608399688,130998.50219058876,301462.6987193886,168866.8608399688,168866.8608399688,46221.727908164845,46221.727908164845,46221.727908164845,46221.727908164845,46221.727908164845,46221.727908164845,0.0,0.0,0.0,215088.58874813365,North,249247.92999999996,29148.130000000037
2013-02-01,177980.92691689578,198572.04783205828,362610.20252730465,177980.92691689578,177980.92691689578,98844.85987048734,98844.85987048734,98844.85987048734,98844.85987048734,98844.85987048734,98844.85987048734,0.0,0.0,0.0,276825.78678738314,North,285302.32000000007,20670.329999999998
2013-03-01,186212.9866078711,88979.53803197289,249656.0178808901,186212.9866078711,186212.9866078711,-14833.032689656022,-14833.032689656022,-14833.032689656022,-14833.032689656022,-14833.032689656022,-14833.032689656022,0.0,0.0,0.0,171379.9539182151,North,126910.0700000001,14955.199999999983
2013-04-01,195327.05269257253,100584.53622810535,261288.67332798344,195327.05269257253,195327.05269257253,-12869.226530298865,-12869.226530298865,-12869.226530298865,-12869.226530298865,-12869.226530298865,-12869.226530298865,0.0,0.0,0.0,182457.82616227368,North,146245.26999999996,10815.439999999993
2013-05-01,204147.1166560207,126033.64138897158,285459.09199837444,204147.1166560207,204147.1166560207,-2362.9999767597155,-2362.9999767597155,-2362.9999767597155,-2362.9999767597155,-2362.9999767597155,-2362.9999767597155,0.0,0.0,0.0,201784.11667926097,North,195691.45,12965.830000000038
2013-06-01,213261.18275158384,99273.39816706548,266956.59349126904,213261.18275158384,213261.18275158384,-30668.453497615767,-30668.453497615767,-30668.453497615767,-30668.453497615767,-30668.453497615767,-30668.453497615767,0.0,0.0,0.0,182592.72925396808,North,144381.4099999999,13574.716699999977
2013-07-01,222081.24671503206,160555.4901109317,333799.8164990627,222081.24671503206,222081.24671503206,21997.40974542517,21997.40974542517,21997.40974542517,21997.40974542517,21997.40974542517,21997.40974542517,0.0,0.0,0.0,244078.65646045722,North,318014.68000000017,71196.96999999837
2013-08-01,231195.31281059523,139549.09631450038,295665.1110721963,231195.31281059523,231195.31281059523,-14349.786206659372,-14349.786206659372,-14349.786206659372,-14349.786206659372,-14349.786206659372,-14349.786206659372,0.0,0.0,0.0,216845.52660393587,North,244150.1900000001,38596.059999999954
2013-09-01,240309.37890615838,161707.34864302806,327516.8383283841,240309.37890615838,240309.37890615838,3651.722800838847,3651.722800838847,3651.722800838847,3651.722800838847,3651.722800838847,3651.722800838847,0.0,0.0,0.0,243961.10170699723,North,319224.5700000003,31966.010000000068
2013-10-01,249129.4428696066,195166.04088188327,358609.8879513751,249129.4428696066,249129.4428696066,30786.65386433169,30786.65386433169,30786.65386433169,30786.65386433169,30786.65386433169,30786.65386433169,0.0,0.0,0.0,279916.0967339383,North,234115.84000000005,22237.219999999907
2013-11-01,258243.50896516978,199320.0864585287,366220.6877888647,258243.50896516978,258243.50896516978,22359.74106689888,22359.74106689888,22359.74106689888,22359.74106689888,22359.74106689888,22359.74106689888,0.0,0.0,0.0,280603.25003206864,North,214390.97000000006,21106.31999999997
2013-12-01,267063.572928618,248598.8705327381,414538.1354637994,267063.572928618,267063.572928618,65693.95736999308,65693.95736999308,65693.95736999308,65693.95736999308,65693.95736999308,65693.95736999308,0.0,0.0,0.0,332757.5302986111,North,533713.7500000001,33414.63999999998
2014-01-01,276177.63902418123,244818.79232223824,402988.63595459616,276177.4517953991,276177.82275882683,47081.45479141956,47081.45479141956,47081.45479141956,47081.45479141956,47081.45479141956,47081.45479141956,0.0,0.0,0.0,323259.0938156008,,,
2014-02-01,285291.7051197443,264881.58340530883,435470.601576086,285291.09379291313,285292.32914818585,67701.14485325833,67701.14485325833,67701.14485325833,67701.14485325833,67701.14485325833,67701.14485325833,0.0,0.0,0.0,352992.8499730026,,,
2014-03-01,293523.76481896266,224496.10507823518,389388.8261977013,293522.6537119312,293525.0030711323,11642.69059065581,11642.69059065581,11642.69059065581,11642.69059065581,11642.69059065581,11642.69059065581,0.0,0.0,0.0,305166.45540961844,,,
2014-04-01,302637.83091452584,220547.11458413128,381312.1546482828,302636.08139041293,302639.81881398405,-4716.412350905262,-4716.412350905262,-4716.412350905262,-4716.412350905262,-4716.412350905262,-4716.412350905262,0.0,0.0,0.0,297921.4185636206,,,
2014-05-01,311457.894877974,220399.94784557572,378280.12178068195,311455.2680339978,311460.7448505669,-9299.252689651164,-9299.252689651164,-9299.252689651164,-9299.252689651164,-9299.252689651164,-9299.252689651164,0.0,0.0,0.0,302158.64218832285,,,
2014-06-01,320571.9609735372,201034.37787853228,358339.209635905,320568.3622164944,320575.6953755199,-35783.17504017146,-35783.17504017146,-35783.17504017146,-35783.17504017146,-35783.17504017146,-35783.17504017146,0.0,0.0,0.0,284788.7859333657,,,
2014-07-01,329392.02493698546,257069.86391394737,418073.8043658321,329387.29302143556,329396.822713302,10139.508340474511,10139.508340474511,10139.508340474511,10139.508340474511,10139.508340474511,10139.508340474511,0.0,0.0,0.0,339531.53327745997,,,
2014-08-01,338506.0910325485,248182.07048215493,412659.0874697606,338499.98881872976,338512.1074985958,-6622.5480941822125,-6622.5480941822125,-6622.5480941822125,-6622.5480941822125,-6622.5480941822125,-6622.5480941822125,0.0,0.0,0.0,331883.5429383663,,,
2014-09-01,347620.1571281117,283806.50495922274,446269.196907947,347612.6448489498,347627.398396896,19409.3699918491,19409.3699918491,19409.3699918491,19409.3699918491,19409.3699918491,19409.3699918491,0.0,0.0,0.0,367029.5271199608,,,
2014-10-01,356440.2210915599,293910.5201007667,458862.2190779303,356431.4177777899,356448.6926442472,19676.708810398166,19676.708810398166,19676.708810398166,19676.708810398166,19676.708810398166,19676.708810398166,0.0,0.0,0.0,376116.9299019581,,,
2014-11-01,365554.28718712315,301917.55993046553,464846.15682533337,365543.86200505204,365563.9544755853,15821.404774230392,15821.404774230392,15821.404774230392,15821.404774230392,15821.404774230392,15821.404774230392,0.0,0.0,0.0,381375.6919613535,,,
2014-12-01,374374.3511505713,374269.08866744925,531275.4007435942,374362.5602968191,374385.5890811526,80213.19189301615,80213.19189301615,80213.19189301615,80213.19189301615,80213.19189301615,80213.19189301615,0.0,0.0,0.0,454587.5430435875,,,
2011-01-01,-50342.66823066499,-67095.15752516636,55493.07638497324,-50342.66823066499,-50342.66823066499,42784.41697573895,42784.41697573895,42784.41697573895,42784.41697573895,42784.41697573895,42784.41697573895,0.0,0.0,0.0,-7558.2512549260355,South,15036.65,1171.62
2011-02-01,-42678.87930486358,-78818.08044253133,48961.99794689693,-42678.87930486358,-42678.87930486358,25367.363632736564,25367.363632736564,25367.363632736564,25367.363632736564,25367.363632736564,25367.363632736564,0.0,0.0,0.0,-17311.515672127014,South,10923.389999999998,1027.5034999999998
2011-03-01,-35756.74737046736,-40157.2143003078,87477.29703374335,-35756.74737046736,-35756.74737046736,62225.47181028903,62225.47181028903,62225.47181028903,62225.47181028903,62225.47181028903,62225.47181028903,0.0,0.0,0.0,26468.72443982167,South,9900.220000000003,1303.4967
2011-04-01,-28092.958446110537,-69190.6999418827,54170.887290138606,-28092.958446110537,-28092.958446110537,21545.005372854164,21545.005372854164,21545.005372854164,21545.005372854164,21545.005372854164,21545.005372854164,0.0,0.0,0.0,-6547.953073256373,South,12378.51,1042.5367
2011-05-01,-20676.388517748346,-88198.04352550342,32595.591001655383,-20676.388517748346,-20676.388517748346,-5980.455052984339,-5980.455052984339,-5980.455052984339,-5980.455052984339,-5980.455052984339,-5980.455052984339,0.0,0.0,0.0,-26656.843570732686,South,15415.220000000001,1176.6
2011-06-01,-13012.599592915463,-106496.71431263487,16863.804683085913,-13012.599592915463,-13012.599592915463,-32717.48297802814,-32717.48297802814,-32717.48297802814,-32717.48297802814,-32717.48297802814,-32717.48297802814,0.0,0.0,0.0,-45730.0825709436,South,10690.39,1229.99
2011-07-01,-5596.0296681951395,-86796.6154936425,38933.25792474088,-5596.0296681951395,-5596.0296681951395,-19650.726372280307,-19650.726372280307,-19650.726372280307,-19650.726372280307,-19650.726372280307,-19650.726372280307,0.0,0.0,0.0,-25246.756040475448,South,16961.790000000005,1360.0499999999997
2011-08-01,2067.7592547997538,-86280.6522499803,38148.920864669846,2067.7592547997538,2067.7592547997538,-21681.427640678998,-21681.427640678998,-21681.427640678998,-21681.427640678998,-21681.427640678998,-21681.427640678998,0.0,0.0,0.0,-19613.668385879246,South,15029.109999999997,1010.3300000000002
2011-09-01,9731.548177794637,-50313.11957049308,74557.0475059353,9731.548177794637,9731.548177794637,-4365.1207088620995,-4365.1207088620995,-4365.1207088620995,-4365.1207088620995,-4365.1207088620995,-4365.1207088620995,0.0,0.0,0.0,5366.4274689325375,South,12606.619999999999,926.89
2011-10-01,17148.118107209262,-33566.13094234869,88662.7439365461,17148.118107209262,17148.118107209262,11028.892509344398,11028.892509344398,11028.892509344398,11028.892509344398,11028.892509344398,11028.892509344398,0.0,0.0,0.0,28177.01061655366,South,15355.619999999997,1416.9000000000003
2011-11-01,24811.907034807842,-46644.226977201586,79540.00917486082,24811.907034807842,24811.907034807842,-10016.822224331267,-10016.822224331267,-10016.822224331267,-10016.822224331267,-10016.822224331267,-10016.822224331267,0.0,0.0,0.0,14795.084810476576,South,20181.289999999994,954.8199999999999
2011-12-01,32228.476965607304,17083.217162530917,144096.05043244286,32228.476965607304,32228.476965607304,50571.93561193816,50571.93561193816,50571.93561193816,50571.93561193816,50571.93561193816,50571.93561193816,0.0,0.0,0.0,82800.41257754547,South,11390.140000000001,1384.1499999999999
2012-01-01,39892.26589609414,14383.371496377753,140272.42403606404,39892.26589609414,39892.26589609414,39797.15721843758,39797.15721843758,39797.15721843758,39797.15721843758,39797.15721843758,39797.15721843758,0.0,0.0,0.0,79689.42311453172,South,21223.080000000005,1281.2900000000002
2012-02-01,47556.05482503332,1052.933682064358,124919.1301711268,47556.05482503332,47556.05482503332,15368.814380403506,15368.814380403506,15368.814380403506,15368.814380403506,15368.814380403506,15368.814380403506,0.0,0.0,0.0,62924.86920543683,South,14516.58,1406.27
2012-03-01,54725.40576099398,-11701.988922680186,115891.74339851202,54725.40576099398,54725.40576099398,-1747.2317665765088,-1747.2317665765088,-1747.2317665765088,-1747.2317665765088,-1747.2317665765088,-1747.2317665765088,0.0,0.0,0.0,52978.17399441747,South,20561.389999999996,1319.8899999999999
2012-04-01,62389.194696476115,1341.8387922542795,127726.58386499845,62389.194696476115,62389.194696476115,3929.725024348838,3929.725024348838,3929.725024348838,3929.725024348838,3929.725024348838,3929.725024348838,0.0,0.0,0.0,66318.91972082495,South,13174.589999999998,950.37
2012-05-01,69805.7646353921,22001.79572127618,141029.96739116785,69805.7646353921,69805.7646353921,10524.70235565081,10524.70235565081,10524.70235565081,10524.70235565081,10524.70235565081,10524.70235565081,0.0,0.0,0.0,80330.46699104291,South,11536.8,1166.4599999999998
2012-06-01,77469.55357067345,25439.597230467105,146438.92878343444,77469.55357067345,77469.55357067345,8111.5340943467045,8111.5340943467045,8111.5340943467045,8111.5340943467045,8111.5340943467045,8111.5340943467045,0.0,0.0,0.0,85581.08766502015,South,20840.440000000002,1094.0900000000001
2012-07-01,84886.12351047479,32085.944576519145,150933.12196880433,84886.12351047479,84886.12351047479,9722.831117298041,9722.831117298041,9722.831117298041,9722.831117298041,9722.831117298041,9722.831117298041,0.0,0.0,0.0,94608.95462777284,South,18759.870000000003,1114.34
2012-08-01,92549.92050128772,-11192.38637730788,111364.61737046445,92549.92050128772,92549.92050128772,-41744.955907201096,-41744.955907201096,-41744.955907201096,-41744.955907201096,-41744.955907201096,-41744.955907201096,0.0,0.0,0.0,50804.964594086625,South,15679.509999999995,14488.530000000017
2012-09-01,100213.71748972175,-20219.773097270958,106447.31094727518,100213.71748972175,100213.71748972175,-55270.45650639436,-55270.45650639436,-55270.45650639436,-55270.45650639436,-55270.45650639436,-55270.45650639436,0.0,0.0,0.0,44943.26098332739,South,25318.159999999993,10440.630000000003
2012-10-01,107630.29522046435,17102.720030890086,145396.5840508728,107630.29522046435,107630.29522046435,-22193.88251525028,-22193.88251525028,-22193.88251525028,-22193.88251525028,-22193.88251525028,-22193.88251525028,0.0,0.0,0.0,85436.41270521407,South,102943.42,17625.47999999999
2012-11-01,115294.09221206633,102080.70331584135,233728.08228621798,115294.09221206633,115294.09221206633,55759.54821309831,55759.54821309831,55759.54821309831,55759.54821309831,55759.54821309831,55759.54821309831,0.0,0.0,0.0,171053.64042516463,South,294805.6899999998,25571.470000000023
2012-12-01,122710.66994606447,111807.81151133943,232056.62130499838,122710.66994606447,122710.66994606447,49020.316200937246,49020.316200937246,49020.316200937246,49020.316200937246,49020.316200937246,49020.316200937246,0.0,0.0,0.0,171730.98614700173,South,173558.65,19686.07000000001
2013-01-01,130374.46693704446,117888.97478095691,240448.20980782434,130374.46693704446,130374.46693704446,48910.68256314997,48910.68256314997,48910.68256314997,48910.68256314997,48910.68256314997,48910.68256314997,0.0,0.0,0.0,179285.1495001944,South,214956.32000000004,23647.289999999994
2013-02-01,138038.26392540964,120267.46805780476,248556.4014938581,138038.26392540964,138038.26392540964,46514.07875441363,46514.07875441363,46514.07875441363,46514.07875441363,46514.07875441363,46514.07875441363,0.0,0.0,0.0,184552.34267982328,South,204273.3,15708.810000000003
2013-03-01,144960.4031434674,101457.2686362512,231257.39032534938,144960.4031434674,144960.4031434674,19454.852596500066,19454.852596500066,19454.852596500066,19454.852596500066,19454.852596500066,19454.852596500066,0.0,0.0,0.0,164415.25573996748,South,212544.4700000001,12749.87
2013-04-01,152624.2001338425,106057.28027362055,227425.98982622972,152624.2001338425,152624.2001338425,10235.07602711282,10235.07602711282,10235.07602711282,10235.07602711282,10235.07602711282,10235.07602711282,0.0,0.0,0.0,162859.2761609553,South,196333.26,11467.013300000004
2013-05-01,160040.7778697522,105763.77199603105,229593.66779119568,160040.7778697522,160040.7778697522,5437.428454966176,5437.428454966176,5437.428454966176,5437.428454966176,5437.428454966176,5437.428454966176,0.0,0.0,0.0,165478.20632471837,South,191862.17999999993,9536.526699999995
2013-06-01,167704.57486352554,102848.7676818902,224780.3662711705,167704.57486352554,167704.57486352554,-5419.637339237245,-5419.637339237245,-5419.637339237245,-5419.637339237245,-5419.637339237245,-5419.637339237245,0.0,0.0,0.0,162284.9375242883,South,170391.29000000004,7363.330000000022
2013-07-01,175121.15259943518,115063.45974656954,235449.3004231555,175121.15259943518,175121.15259943518,-492.5724750476182,-492.5724750476182,-492.5724750476182,-492.5724750476182,-492.5724750476182,-492.5724750476182,0.0,0.0,0.0,174628.58012438758,South,208603.52000000008,35602.299999999675
2013-08-01,182784.94959320853,88146.50910389512,205388.7140884652,182784.94959320853,182784.94959320853,-35583.77802232244,-35583.77802232244,-35583.77802232244,-35583.77802232244,-35583.77802232244,-35583.77802232244,0.0,0.0,0.0,147201.1715708861,South,148116.17999999996,35722.76329999997
2013-09-01,190448.74658698184,92733.77101841236,218839.70885248913,190448.74658698184,190448.74658698184,-38381.766350686965,-38381.766350686965,-38381.766350686965,-38381.766350686965,-38381.766350686965,-38381.766350686965,0.0,0.0,0.0,152066.98023629488,South,164981.62000000002,26473.6
2013-10-01,197865.32432289157,124732.85819346807,250251.7373157139,197865.32432289157,197865.32432289157,-10517.696403912327,-10517.696403912327,-10517.696403912327,-10517.696403912327,-10517.696403912327,-10517.696403912327,0.0,0.0,0.0,187347.62791897924,South,183173.45999999996,18846.28999999996
2013-11-01,205529.12131666488,174745.10514603156,299488.7464057327,205529.12131666488,205529.12131666488,34149.677892739324,34149.677892739324,34149.677892739324,34149.677892739324,34149.677892739324,34149.677892739324,0.0,0.0,0.0,239678.7992094042,South,111069.10000000005,13068.429999999977
2013-12-01,212945.69905257455,203210.18208980918,323977.47847219213,212945.69905257455,212945.69905257455,49369.9175335926,49369.9175335926,49369.9175335926,49369.9175335926,49369.9175335926,49369.9175335926,0.0,0.0,0.0,262315.61658616713,South,331861.21000000037,18277.960000000003
2014-01-01,220609.4960463479,204100.92940660112,329957.53007038403,220609.49586377855,220609.49623780284,45824.74018807976,45824.74018807976,45824.74018807976,45824.74018807976,45824.74018807976,45824.74018807976,0.0,0.0,0.0,266434.23623442766,,,
2014-02-01,228273.2930401212,201843.62750127225,322248.1267390894,228273.29232669735,228273.29376529786,35752.01900820658,35752.01900820658,35752.01900820658,35752.01900820658,35752.01900820658,35752.01900820658,0.0,0.0,0.0,264025.31204832776,,,
2014-03-01,235195.43226030358,216754.29026349323,334035.88181276113,235195.43083776132,235195.43372463892,40787.883677789556,40787.883677789556,40787.883677789556,40787.883677789556,40787.883677789556,40787.883677789556,0.0,0.0,0.0,275983.3159380931,,,
2014-04-01,242859.2292540769,196918.8785812113,319532.4955510709,242859.22686440303,242859.2317571992,16110.868648620197,16110.868648620197,16110.868648620197,16110.868648620197,16110.868648620197,16110.868648620197,0.0,0.0,0.0,258970.0979026971,,,
2014-05-01,250275.80698998657,190491.03137443436,311722.80989781074,250275.80352395197,250275.8106595796,-67.57757261650478,-67.57757261650478,-67.57757261650478,-67.57757261650478,-67.57757261650478,-67.57757261650478,0.0,0.0,0.0,250208.22941737005,,,
2014-06-01,257939.60398375994,170756.8309842608,298848.4380943127,257939.59912725902,257939.60888627716,-19036.517401368565,-19036.517401368565,-19036.517401368565,-19036.517401368565,-19036.517401368565,-19036.517401368565,0.0,0.0,0.0,238903.08658239138,,,
2014-07-01,265356.1817196696,190402.07375873934,314086.9788095872,265356.17539071816,265356.1878033388,-10288.295221414359,-10288.295221414359,-10288.295221414359,-10288.295221414359,-10288.295221414359,-10288.295221414359,0.0,0.0,0.0,255067.88649825525,,,
2014-08-01,273019.9787134429,186178.52472881318,305571.10008180793,273019.97119532124,273019.98609681946,-28892.502821649032,-28892.502821649032,-28892.502821649032,-28892.502821649032,-28892.502821649032,-28892.502821649032,0.0,0.0,0.0,244127.4758917939,,,
2014-09-01,280683.77570721623,200466.35713421842,322595.5976315364,280683.76651194756,280683.7844649744,-21404.65869051655,-21404.65869051655,-21404.65869051655,-21404.65869051655,-21404.65869051655,-21404.65869051655,0.0,0.0,0.0,259279.1170166997,,,
2014-10-01,288100.3534431259,228013.74231532603,351383.38415300945,288100.3424901005,288100.36403193494,560.6759724619916,560.6759724619916,560.6759724619916,560.6759724619916,560.6759724619916,560.6759724619916,0.0,0.0,0.0,288661.0294155879,,,
2014-11-01,295764.1504368993,243681.27997541905,373832.15314660926,295764.1379926494,295764.16291869315,12216.818945322611,12216.818945322611,12216.818945322611,12216.818945322611,12216.818945322611,12216.818945322611,0.0,0.0,0.0,307980.96938222187,,,
2014-12-01,303180.72817280894,294497.12777034956,416369.3087881341,303180.7138829986,303180.7425683869,49884.65399309309,49884.65399309309,49884.65399309309,49884.65399309309,49884.65399309309,49884.65399309309,0.0,0.0,0.0,353065.38216590206,,,
